Species,conservative,liberal,mono.poly,Social,PCO1,PCO2,PCO3,ActivityCycle,AdultBodyMass.kg,DietBreadth,HabitatBreadth,InterbirthInterval.d,LitterSize,MaxLongevity.y,SexualMaturityAge.y,WeaningAge.d,GR.Area.km2,GR.MidRangeLat.dd,GR.MidRangeLong.dd,HuPopDen.Mean.n.km2,Precip.Mean.cm,Temp.Mean.1degC
Mustela erminea,Negative,Negative,polygamous,no,-56.45,-20.91,-0.31,2,0.28,1,1,365,6.74,7.1,0.26,60.93,39718064.94,50.89,-0.01,27.06,3.82,-2.82
Mustela nivalis,Negative,Negative,polygamous,no,-56.48,-20.94,-0.31,2,0.08,1,1,273.75,5.07,10,0.47,36.74,43656881.02,51.84,-6.45E-08,36.98,3.75,-0.71
Mustela frenata,Negative,Negative,polygamous,no,-56.36,-20.84,-0.31,2,0.19,1,2,365,6.5,7.1,0.55,34.23,12290918.8,19.52,-94.34,42.5,7.82,13.09
Bassariscus astutus,Negative,Negative,NA,no,-50.08,-15.41,-0.2,1,1.01,6,1,365,3,16.5,0.76,53.84,3916072.44,29.65,-107.94,37.3,4.53,15.4
Crossarchus obscurus,Negative,Negative,NA,yes,62.27,-18.82,-28.97,3,1.4,6,1,121.66,4.29,9,0.76,29.23,438210.83,6.82,-6.63,72.53,17.5,25.64
Felis nigripes,Negative,Negative,polygamous,no,45.09,5.09,67.39,2,1.36,1,1,228.12,1.78,12,0.78,67.23,1732323.73,-24.65,22.29,8.32,3.06,18.67
Civettictis civetta,Negative,Negative,NA,no,58.97,-16.46,-24.32,1,12.08,6,1,212.14,2.31,28,0.78,82.91,14207678.6,-6.02,13.26,36.77,10.13,23.71
Vulpes zerda,Negative,Negative,monogamous,yes,-6.79,84.29,-17.13,1,1.32,6,1,365,2.36,14.58,0.81,65.56,6960271.02,25.73,15.99,3.93,0.36,24.56
Felis catus,Negative,Negative,polygamous,yes,45.1,5.09,67.41,NA,2.88,NA,NA,NA,NA,34,0.81,NA,NA,NA,NA,NA,NA,NA
Mustela putorius,Negative,Negative,polygamous,no,-56.51,-20.96,-0.31,1,0.98,1,1,252.5,8.48,14,0.85,54.39,7565541.29,47.73,27.32,95.38,5.08,6.39
Vulpes chama,Negative,Negative,monogamous,yes,-6.79,84.22,-17.11,1,2.92,6,1,NA,2.5,10,0.85,NA,2079866.13,-25.18,21.48,15.78,3.07,17.91
Herpestes edwardsi,Negative,Negative,NA,yes,62.17,-18.75,-28.85,3,1.3,6,1,109.5,2,NA,0.85,34.8,3629768.58,19.99,69.16,313.35,8.06,24.23
Mustela eversmanii,Negative,Negative,polygamous,yes,-56.51,-20.96,-0.31,1,1.68,1,1,365,7.82,NA,0.89,48.8,16554151.55,43.4,71.84,39.51,3.43,1.79
Conepatus leuconotus,Negative,Negative,polygamous,no,-47.1,-12.87,-0.16,1,3.29,1,1,182.5,3.6,7,0.93,45.56,2509559.21,26,-99.88,43.68,5.66,18.07
Speothos venaticus,Negative,Negative,monogamous,yes,-6.82,84.96,-17.3,3,6.32,1,1,247.94,3.8,10.33,0.94,127.3,9703966.13,-7.32,-58.42,20.52,15.15,24.05
Mungos mungo,Negative,Negative,NA,yes,62.25,-18.81,-28.95,3,1.26,1,1,365,2.68,12,0.96,20.88,15894555.38,-8.34,16.93,33.16,7.88,23.86
Felis silvestris,Negative,Negative,polygamous,no,45.1,5.09,67.42,2,4.57,1,1,148.25,3.59,28,0.96,76.01,32110980.01,8.59,47.3,43.43,4.7,19.28
Mustela lutreola,Negative,Negative,NA,NA,-56.51,-20.96,-0.31,2,0.57,2,3,365,4.5,10,0.96,58.71,3568955.39,54.33,28.63,50.57,4.55,4.18
Urocyon littoralis,Negative,Negative,monogamous,no,-6.75,83.15,-16.84,2,1.92,6,1,365,2.17,8,0.99,NA,511.92,33.98,-119.98,82.01,NA,NA
Taxidea taxus,Negative,Negative,polygamous,no,-53.97,-18.85,-0.27,1,7.84,1,1,365,2.76,26,1.00,41.99,8860573.16,38.45,-101.73,26.45,4.16,9.15
Aonyx capensis,Negative,Negative,monogamous,no,-56.5,-20.96,-0.31,2,19.32,6,2,NA,2.62,11,1.02,NA,14162350.57,-8.89,12.27,39.28,10.01,23.31
Mustela nigripes,Negative,Negative,NA,no,-56.51,-20.96,-0.31,1,0.91,1,1,365,3.36,12,1.02,59.66,NA,NA,NA,NA,NA,NA
Cuon alpinus,Negative,Negative,monogamous,yes,-6.82,85.12,-17.34,2,15.8,1,1,365,4.3,16,1.03,57.33,10546280.1,23.37,106.52,145,9.53,9.65
Lycalopex culpaeus,Negative,Negative,monogamous,no,-6.83,85.29,-17.38,1,8.62,2,1,365,4.88,NA,1.03,48.22,2809619.42,-26.69,-71.61,17.94,5.62,8.88
Vulpes cana,Negative,Negative,monogamous,no,-6.79,84.29,-17.13,1,0.99,6,1,NA,2,10,1.04,44.74,2162391.85,27.06,49.02,33.51,1.98,16.57
Felis chaus,Negative,Negative,polygamous,no,45.09,5.09,67.39,2,7.16,1,1,130.01,2.94,12,1.05,95.49,8986835.66,26.78,68.28,178.67,7.42,20.11
Paradoxurus hermaphroditus,Negative,Negative,NA,no,59.2,-16.61,-24.6,1,3.2,6,1,182.5,3.29,22.42,1.09,NA,7074837.93,12.12,99.45,232.74,15.29,23.26
Martes pennanti,Negative,Negative,NA,no,-55.93,-20.48,-0.3,2,3.75,1,1,365,3.02,10.15,1.13,76.76,3481123.82,48.74,-97.45,7.19,5.41,0.93
Chrysocyon brachyurus,Negative,Negative,monogamous,no,-6.82,84.98,-17.3,2,23.33,6,1,NA,2,15,1.15,119,5038801.01,-17.32,-52.48,23.01,11.02,22.35
Meles meles,Negative,Negative,polygamous,yes,-55.41,-20.04,-0.29,2,11.88,1,1,365,3.11,16.2,1.15,91.3,NA,NA,NA,NA,NA,NA
Vulpes ferrilata,Negative,Negative,monogamous,yes,-6.83,85.24,-17.37,NA,5.54,1,1,NA,3.49,NA,1.15,55.68,2339623.06,32.4,91.71,29.53,6.08,-3.45
Helogale parvula,Negative,Negative,monogamous,yes,62.26,-18.82,-28.96,3,0.28,1,1,141.94,3.49,10.92,1.16,21,6944753.53,-7.04,31.73,30.49,7.14,22.24
Caracal caracal,Negative,Negative,polygamous,no,44.74,5,65.92,1,11.96,1,1,365,2.3,17,1.20,120.41,26609096.78,5.5,31.75,39.44,4,22.16
Ictonyx striatus,Negative,Negative,polygamous,no,-56.19,-20.7,-0.3,1,0.81,6,1,365,2.3,13.33,1.23,59.09,16688705.64,-6.1,15.42,28.73,6.31,23.52
Martes americana,Negative,Negative,polygamous,no,-56,-20.54,-0.3,2,0.87,1,1,365,2.6,19,1.25,45.73,7620172.14,52.85,-107.58,4.32,4.85,-2.61
Vulpes velox,Negative,Negative,monogamous,yes,-6.8,84.34,-17.14,1,2.09,1,1,365,4.25,20,1.29,47.08,671658.66,38.43,-102.84,7.54,3.54,10.56
Martes zibellina,Negative,Negative,NA,NA,-56.01,-20.54,-0.3,2,1.17,6,1,NA,3.13,15,1.31,52.23,6492749.47,55.69,116.98,6.04,3.18,-7.83
Martes martes,Negative,Negative,NA,no,-56.01,-20.54,-0.3,1,1.3,1,1,365,3.49,17,1.39,54.19,8361437.29,53.35,37.01,75.76,5.19,4.26
Fossa fossana,Negative,Negative,monogamous,no,60.49,-17.6,-26.61,1,1.85,6,2,365,1,11,1.46,66.84,106522.05,-18.81,48.5,37.33,16.8,20.28
Ailurus fulgens,Negative,Negative,polygamous,no,-46.13,-12.38,-0.15,2,5.17,3,1,365,1.7,14,1.65,136.87,1075406.59,28.38,94.38,51.8,13.19,4.47
Bassaricyon gabbii,Negative,Negative,polygamous,no,-50.04,-15.39,-0.2,1,1.25,6,2,NA,1,25,1.66,89.49,803202.18,5.08,-77.78,46.86,17.64,23.09
Procyon cancrivorus,Negative,Negative,polygamous,no,-50.12,-15.44,-0.21,1,6.93,6,2,NA,2.62,14,1.73,111.36,12829315.4,-11.16,-59.17,22.53,14.43,23.74
Proteles cristata,Negative,Negative,polygamous,no,58.63,-16.32,-24.15,1,8.14,1,1,NA,2.64,25,1.73,125.73,6435462.88,-5.74,31.56,28.57,4.7,21.01
Profelis aurata,Negative,Negative,monogamous,no,44.74,5,65.92,2,11.28,1,1,NA,2.25,NA,1.78,119.32,4948244.43,2.48,10.96,30.06,13.8,24.24
Lynx rufus,Negative,Negative,polygamous,no,45.06,5.08,67.25,2,6.37,1,1,365,2.76,32.33,1.83,59.99,9702533.02,37.75,-94.33,30.7,5.37,10.83
Lynx canadensis,Negative,Negative,polygamous,no,45.06,5.08,67.27,1,9.68,1,1,365,2.73,26.75,1.84,111.36,8252985.31,53.82,-107.79,3.31,4.35,-3.18
Leopardus pardalis,Negative,Negative,polygamous,no,45.08,5.08,67.34,2,11.88,1,1,360.9,1.66,20.3,1.86,106.18,16040024.42,-0.41,-74.28,26.95,13.77,22.87
Lutra lutra,Negative,Negative,NA,no,-56.5,-20.96,-0.31,1,8.87,1,2,365,2.01,22,1.92,100.8,25877469.45,27.69,72.5,102.46,5.66,5.03
Herpestes ichneumon,Negative,Negative,NA,NA,62.15,-18.74,-28.82,2,2.98,6,1,365,3,20,2.00,58.09,14429050.1,2.37,14.68,50.25,8.06,23.21
Lontra canadensis,Negative,Negative,polygamous,no,-56.5,-20.96,-0.31,2,8.09,1,2,365,2.67,25,2.00,121.66,11887021.15,47.6,-110.38,19.38,5.56,1.06
Lynx lynx,Negative,Negative,polygamous,no,45.06,5.08,67.27,2,19.3,1,1,365,2.3,26.8,2.03,81.85,23827627.14,48.95,91.58,36.26,3.84,-1.72
Acinonyx jubatus,Negative,Negative,polygamous,no,45.04,5.07,67.16,3,50.58,1,1,547.5,3.28,19,2.03,91.42,10586306.53,4.24,22.95,19.88,5.13,23.08
Galidia elegans,Negative,Negative,NA,yes,60.6,-17.67,-26.76,2,0.81,6,4,365,1,13.2,2.03,59.27,120561.29,-18.76,47.19,28.71,15.49,21.2
Martes foina,Negative,Negative,polygamous,no,-56,-20.54,-0.3,2,1.68,1,1,365,3.78,18.1,2.03,74.11,7011029.37,40.18,53.26,97.94,5.01,6.88
Neofelis nebulosa,Negative,Negative,monogamous,no,44.71,4.99,65.78,2,14.95,1,2,NA,2.25,17,2.06,111.67,2913590.85,11.57,103.26,148.07,17.86,21.83
Ichneumia albicauda,Negative,Negative,polygamous,no,62.15,-18.74,-28.82,1,3.63,1,1,NA,2.35,12,2.07,NA,14326821.09,-3.69,21.15,35.94,7.36,23.72
Canis simensis,Negative,Negative,monogamous,yes,-6.82,85.12,-17.34,3,14.36,1,1,365,NA,NA,2.07,69.6,11402.81,9.93,38.99,99.87,8.39,9.9
Mungotictis decemlineata,Negative,Negative,monogamous,yes,60.63,-17.69,-26.79,3,0.66,2,2,NA,0.99,NA,2.07,45.1,17099.69,-20.79,44.45,8.12,6.32,24.13
Gulo gulo,Negative,Negative,polygamous,no,-55.94,-20.49,-0.3,1,12.79,1,1,821.25,2.84,18,2.07,83.64,24495951.71,60.67,5.93,3.75,3.22,-7.21
Eira barbara,Negative,Negative,NA,no,-55.93,-20.48,-0.3,2,4.13,2,2,NA,2.14,18,2.10,94.46,13411787.9,-4.49,-72.54,28.16,14.99,23.58
Hyaena brunnea,Negative,Negative,polygamous,yes,58.63,-16.33,-24.16,1,42.98,6,2,532.29,2.3,17,2.21,302.44,1981470.71,-24.3,22.39,12.77,3.44,18.66
Panthera pardus,Negative,Negative,polygamous,no,44.74,5,65.91,2,52.4,1,1,476.37,2.14,23,2.22,123.54,29348601.36,6.76,58.94,101.11,8.8,20.76
Lycaon pictus,Negative,Negative,monogamous,yes,-6.82,84.96,-17.3,3,22,1,1,355.87,8.1,11,2.24,27.28,10539675.81,-2.74,18.43,27.77,6.9,23.56
Genetta tigrina,Negative,Negative,NA,no,59.87,-17.05,-25.42,1,2.07,6,1,304.16,2.76,15,2.31,87.77,587510.9,-28.48,25.37,61.1,5.43,17.01
Arctogalidia trivirgata,Negative,Negative,NA,no,58.95,-16.45,-24.31,1,2.32,6,1,182.5,2.79,15.83,2.31,49.41,2766097.4,10.9,105.38,97.79,19.93,23.21
Nasua nasua,Negative,Negative,polygamous,yes,-50.11,-15.44,-0.2,3,3.78,6,2,365,3.69,17.7,2.31,113.15,10694990.22,-11.55,-58.87,15.03,15.63,23.92
Uncia uncia,Negative,Negative,polygamous,no,44.74,5,65.89,2,32.5,1,1,365,2.12,18,2.31,101.42,2744453.48,40.19,86.14,12.36,4.39,-4.68
Bassariscus sumichrasti,Negative,Negative,NA,no,-50.08,-15.41,-0.2,1,0.91,6,1,NA,2,23,2.31,119.32,625977.74,15.06,-91.5,60.47,13.44,23.03
Hydrictis maculicollis,Negative,Negative,NA,no,-56.49,-20.95,-0.31,2,4.18,1,2,365,2,NA,2.31,60.48,11363947.46,-8.13,13.37,37.8,10.65,23.77
Prionailurus bengalensis,Negative,Negative,polygamous,no,45.07,5.08,67.32,1,2.78,1,1,165.56,2.5,15,2.34,24.85,10201747.8,20.75,103.04,219.36,12.57,16.91
Leptailurus serval,Negative,Negative,polygamous,no,44.74,5,65.89,2,12,1,1,182.5,2.35,23,2.43,104.68,12526196.74,1.48,15.05,36.32,8.91,23.56
Poecilogale albinucha,Negative,Negative,NA,no,-56.4,-20.87,-0.31,1,0.31,1,1,243.33,2.23,5.2,2.51,76.56,6524644.39,-16.13,24.76,35.42,9,21.54
Hyaena hyaena,Negative,Negative,NA,yes,58.63,-16.33,-24.16,2,35.07,6,1,237.25,2.44,24,2.54,118.93,24254343.2,16.93,34.64,56.87,2.95,22.9
Lutrogale perspicillata,Negative,Negative,monogamous,yes,-56.5,-20.96,-0.31,NA,8.91,2,2,NA,3.24,15,2.59,72.53,5506788.05,11.88,82.79,236.22,15.44,24.71
Panthera leo,Negative,Negative,polygamous,yes,44.74,5,65.91,1,158.62,1,1,730,2.75,30,2.71,197.86,11237685.34,-3.41,28.65,28.6,8.58,23.44
Nandinia binotata,Negative,Negative,polygamous,no,31.21,1.8,9.9,1,2.17,2,2,182.5,1.84,18.5,2.78,63.81,5977079.52,-3.92,11.45,45.82,13.02,24
Ursus thibetanus,Negative,Negative,polygamous,no,-32.93,-1.32,0.05,2,99.71,3,1,365,1.5,35.17,2.78,82.01,5348705.49,28.27,102.35,156.32,11.16,12.66
Enhydra lutris,Negative,Negative,polygamous,yes,-56.41,-20.88,-0.31,3,27.41,6,1,365,0.96,30,2.80,178.98,NA,NA,NA,NA,NA,NA
Puma concolor,Negative,Negative,polygamous,no,45.04,5.07,67.17,2,53.95,1,1,577.91,2.76,20,2.83,48.46,22350859.07,3.28,-85.07,23.42,10.92,18.19
Arctictis binturong,Negative,Negative,monogamous,no,59.14,-16.57,-24.53,1,13,3,1,317.6,2.5,22.7,2.83,117.57,2913838.88,9.84,104.16,124.73,19.49,22.99
Puma yagouaroundi,Negative,Negative,polygamous,no,45.04,5.07,67.17,2,6.88,3,1,182.5,2.5,10.65,2.88,NA,15093388.56,-3.2,-73.75,25.87,13.89,23.35
Leopardus wiedii,Negative,Negative,NA,no,45.08,5.08,67.34,2,3.27,1,2,NA,1.5,20,2.88,93.4,12404067.35,-3.38,-74.15,24.7,15.33,23.7
Panthera onca,Negative,Negative,polygamous,no,44.74,5,65.9,2,83.94,1,1,365,1.96,23,3.24,156.6,10500825.25,-1.76,-73.43,12.65,15.87,24.2
Martes flavigula,Negative,Negative,monogamous,yes,-55.99,-20.52,-0.3,3,2.5,1,1,182.5,3.53,14,3.46,89.49,5260689.7,20.7,104.18,141.77,13.49,14.91
Cryptoprocta ferox,Negative,Negative,NA,no,60.4,-17.54,-26.5,2,9.5,2,3,NA,2.98,20,3.46,136.1,214312.12,-18.96,46.85,24.1,12.53,22.2
Histriophoca fasciata,Negative,Negative,polygamous,yes,-42,-5.24,0.03,NA,90,6,2,365,1,31,3.46,24.5,NA,NA,NA,NA,NA,NA
Genetta genetta,Negative,Negative,NA,no,59.86,-17.04,-25.4,1,1.76,6,1,182.5,2.29,34,3.46,71.8,17766920.65,7.53,16.93,39.75,5.35,22.9
Cystophora cristata,Negative,Negative,polygamous,no,-41.98,-5.24,0.03,NA,278.9,6,2,365,1,35,3.46,9.5,NA,NA,NA,NA,NA,NA
Melursus ursinus,Negative,Negative,NA,no,-32.92,-1.31,0.05,2,100,6,1,1095,1.54,40,3.46,194.67,417387.69,18.25,85.13,235.88,11.95,24.18
Ursus arctos,Negative,Negative,polygamous,yes,-32.93,-1.32,0.05,2,196.29,6,1,912.5,2.24,50,3.64,182.5,23972321.42,50.76,5.93,14.85,3.5,-4.66
Hydrurga leptonyx,Negative,Negative,polygamous,no,-41.95,-5.23,0.03,2,352.68,6,2,365,0.96,26,3.81,30.41,NA,NA,NA,NA,NA,NA
Ursus americanus,Negative,Negative,polygamous,no,-32.93,-1.32,0.05,3,110.5,1,1,821.25,2.39,32,3.97,167.99,9650153.48,47.57,0,11.45,5.19,0.39
Ommatophoca rossii,Negative,Negative,NA,no,-41.95,-5.23,0.03,2,208.25,1,2,365,0.96,21,4.08,27.84,NA,NA,NA,NA,NA,NA
Phoca largha,Negative,Negative,monogamous,yes,-42.01,-5.25,0.03,2,98.88,6,2,365,1,35.51,4.10,27.84,NA,NA,NA,NA,NA,NA
Mirounga angustirostris,Negative,Negative,polygamous,no,-41.94,-5.23,0.03,2,1112.39,6,2,365,1,20.29,4.17,27.37,NA,NA,NA,NA,NA,NA
Panthera tigris,Negative,Negative,polygamous,no,44.74,5,65.89,1,161.91,1,1,821.25,2.6,26.3,4.17,118.55,2494993.45,21.02,105.29,164.5,13.9,21.15
Lobodon carcinophaga,Negative,Negative,monogamous,no,-41.95,-5.23,0.03,2,225,1,2,547.5,0.96,39,4.17,31.32,NA,NA,NA,NA,NA,NA
Phoca vitulina,Negative,Negative,polygamous,no,-42.01,-5.25,0.03,2,87.32,1,2,365,1,40,4.18,30.74,NA,NA,NA,NA,NA,NA
Arctocephalus tropicalis,Negative,Negative,polygamous,yes,-42.1,-5.27,0.03,NA,92.22,6,2,365,1.4,23,4.22,304.16,NA,NA,NA,NA,NA,NA
Monachus monachus,Negative,Negative,NA,yes,-41.92,-5.22,0.03,2,294.88,6,2,730,1,23.7,4.30,42.75,NA,NA,NA,NA,NA,NA
Neophoca cinerea,Negative,Negative,polygamous,yes,-42.09,-5.27,0.03,2,189.27,6,2,539.89,1.35,16,4.35,542.19,NA,NA,NA,NA,NA,NA
Leptonychotes weddellii,Negative,Negative,polygamous,no,-41.95,-5.23,0.03,2,400,6,2,365,1,25,4.35,43.35,NA,NA,NA,NA,NA,NA
Mirounga leonina,Negative,Negative,NA,NA,-41.94,-5.23,0.03,2,1600,2,2,365,1,23,4.40,22.93,NA,NA,NA,NA,NA,NA
Arctocephalus galapagoensis,Negative,Negative,polygamous,yes,-42.1,-5.27,0.03,1,39.45,6,2,730,1,22,4.61,821.25,NA,NA,NA,NA,NA,NA
Callorhinus ursinus,Negative,Negative,polygamous,yes,-42.02,-5.25,0.03,2,55.46,6,2,365,1.04,35,4.61,108.69,NA,NA,NA,NA,NA,NA
Monachus schauinslandi,Negative,Negative,polygamous,no,-41.93,-5.22,0.03,1,223,6,2,467.39,1,30,4.62,37.13,NA,NA,NA,NA,NA,NA
Arctocephalus gazella,Negative,Negative,polygamous,yes,-42.1,-5.27,0.03,1,96.6,1,2,365,1,23,4.63,116.28,NA,NA,NA,NA,NA,NA
Arctocephalus pusillus,Negative,Negative,polygamous,yes,-42.09,-5.27,0.03,1,178.5,1,2,365,1,21,4.65,356.3,NA,NA,NA,NA,NA,NA
Arctocephalus australis,Negative,Negative,polygamous,yes,-42.1,-5.27,0.03,1,67.98,6,2,365,1,21,4.74,365,NA,NA,NA,NA,NA,NA
Halichoerus grypus,Negative,Negative,polygamous,yes,-42.02,-5.25,0.03,NA,197.57,2,2,365,0.96,46.67,4.85,18.37,NA,NA,NA,NA,NA,NA
Ursus maritimus,Negative,Negative,polygamous,no,-32.93,-1.32,0.05,3,371.7,3,1,831.67,1.66,38.2,5.07,205.17,NA,NA,NA,NA,NA,NA
Otaria flavescens,Negative,Negative,polygamous,yes,-42.09,-5.27,0.03,NA,193.67,6,2,365,1,24.8,5.10,363.96,NA,NA,NA,NA,NA,NA
Pagophilus groenlandicus,Negative,Negative,polygamous,no,-42,-5.24,0.03,NA,132.25,6,2,365,1,42,5.10,11.45,NA,NA,NA,NA,NA,NA
Eumetopias jubatus,Negative,Negative,polygamous,yes,-42.08,-5.27,0.03,1,382.47,6,2,365,0.96,30,5.39,351,NA,NA,NA,NA,NA,NA
Zalophus californianus,Negative,Negative,polygamous,yes,-42.09,-5.27,0.03,2,137.19,6,2,547.5,1.41,30,5.54,319.01,NA,NA,NA,NA,NA,NA
Phocarctos hookeri,Negative,Negative,polygamous,yes,-42.09,-5.27,0.03,NA,273.5,7,2,365,1,NA,5.56,252.01,NA,NA,NA,NA,NA,NA
Erignathus barbatus,Negative,Negative,polygamous,no,-41.9,-5.21,0.03,NA,280,6,2,547.5,1,31.45,6.03,20.94,NA,NA,NA,NA,NA,NA
Pusa caspica,Negative,Negative,monogamous,no,-42.02,-5.25,0.03,NA,62.33,2,2,365,1,50,6.03,31.32,NA,NA,NA,NA,NA,NA
Pusa hispida,Negative,Negative,polygamous,yes,-42.01,-5.25,0.03,2,70.96,6,2,365,1,46,6.17,45.23,NA,NA,NA,NA,NA,NA
Pusa sibirica,Negative,Negative,polygamous,no,-42.01,-5.25,0.03,2,89.5,1,2,365,1,56,6.24,66.11,NA,NA,NA,NA,NA,NA
Odobenus rosmarus,Negative,Negative,polygamous,yes,-41.38,-5.07,0.03,2,1043,6,2,821.25,1.22,40,6.34,591.36,NA,NA,NA,NA,NA,NA
Ailuropoda melanoleuca,Negative,Negative,polygamous,no,-32.79,-1.3,0.05,2,118,3,1,638.75,1.62,30,6.61,178.98,36206.89,30.76,104.78,103.55,10.18,6.55
Arctocephalus forsteri,Negative,Negative,polygamous,yes,-42.1,-5.27,0.03,1,101.25,6,2,365,1,15,7.31,323.72,NA,NA,NA,NA,NA,NA
Salanoia concolor,Negative,Negative,NA,NA,60.63,-17.69,-26.79,3,0.71,3,1,NA,NA,4.8,NA,NA,41471.69,-17.01,49.28,31.35,19.74,20.52
Cynogale bennettii,Negative,Negative,NA,NA,59.12,-16.56,-24.51,2,4.25,6,2,NA,2.3,5,NA,NA,170977.09,1.05,108.08,60.48,23.55,25.44
Ictonyx libyca,Negative,Negative,NA,NA,-56.4,-20.87,-0.31,1,0.23,6,1,NA,2,5,NA,NA,12285728.6,23.09,10.19,20.3,1.59,24.46
Poiana richardsonii,Negative,Negative,NA,no,59.64,-16.9,-25.14,1,0.57,6,1,NA,2.23,5.33,NA,NA,2191921.08,-0.38,19.4,19.35,14.97,24.3
Galictis cuja,Negative,Negative,polygamous,yes,-56.41,-20.88,-0.31,2,1,1,1,NA,NA,7.25,NA,NA,4564918.07,-29.01,-58.14,34.44,7.61,15.29
Galerella pulverulenta,Negative,Negative,NA,no,62.16,-18.74,-28.82,3,0.79,2,1,NA,2.25,8.71,NA,NA,634570.78,-30.16,23.18,24.97,2.83,15.8
Mustela sibirica,Negative,Negative,polygamous,no,-56.51,-20.96,-0.31,2,0.53,1,1,NA,6.48,8.83,NA,58.2,20179461.96,38.46,96.87,78.36,4.53,2.25
Vormela peregusna,Negative,Negative,NA,no,-56.19,-20.7,-0.3,2,0.59,1,1,365,5.07,8.92,NA,NA,8883616.47,40.59,68.25,37.77,2.57,7.03
Prionailurus viverrinus,Negative,Negative,polygamous,no,45.07,5.08,67.31,2,8.83,1,1,NA,2,10,NA,135.96,3546617.17,10.29,95.38,246.55,16.05,23.4
Vulpes bengalensis,Negative,Negative,monogamous,no,-6.8,84.34,-17.14,2,2.51,6,1,365,3.49,10,NA,NA,3182952.32,21.27,78.36,323.93,8.44,24.43
Vulpes pallida,Negative,Negative,NA,yes,-6.79,84.22,-17.11,1,2.8,6,1,NA,4,10,NA,NA,4166246.1,15,11.84,28.92,3.83,27.1
Aonyx cinerea,Negative,Negative,monogamous,yes,-56.5,-20.96,-0.31,1,3.53,2,2,182.5,1.47,10.08,NA,79.54,3673360.97,11.3,98.3,216.27,17.31,22.66
Viverricula indica,Negative,Negative,polygamous,no,58.93,-16.44,-24.28,2,2.92,6,3,NA,3.74,10.5,NA,NA,8147745.62,11.89,94.37,262.87,12.7,21.67
Prionodon linsang,Negative,Negative,NA,no,31.92,1.68,10.47,1,0.68,6,1,182.5,2.3,10.7,NA,NA,1202013.54,3.95,107.22,172.11,23.65,24.98
Atelocynus microtis,Negative,Negative,NA,no,-6.83,85.22,-17.36,NA,8.36,1,1,NA,NA,11,NA,NA,7634256.6,-13.76,-61.08,7.43,16.31,23.55
Hemigalus derbyanus,Negative,Negative,NA,no,59.14,-16.57,-24.53,1,1.26,6,1,NA,1.73,12,NA,69.6,1431386.4,4.74,107.22,70.76,24.52,24.89
Paradoxurus jerdoni,Negative,Negative,NA,no,59.2,-16.61,-24.6,1,3.53,6,1,NA,3,12,NA,NA,14283.81,10.64,76.76,468.69,16.71,25.7
Viverra tangalunga,Negative,Negative,NA,no,59.01,-16.49,-24.37,1,7.35,6,1,NA,1.92,12,NA,NA,1304276.8,0.54,107.22,67.69,24.46,24.85
Pteronura brasiliensis,Negative,Negative,monogamous,yes,-56.4,-20.87,-0.31,3,26,1,2,365,2.12,12.83,NA,120.48,8075624.21,-8.52,-57.02,6.27,16.27,24.54
Herpestes urva,Negative,Negative,NA,NA,62.12,-18.72,-28.78,1,2.38,6,1,NA,3,13.33,NA,NA,3243514.37,17.26,103.99,222.81,14.49,19.48
Lycalopex gymnocercus,Negative,Negative,monogamous,no,-6.83,85.29,-17.38,1,4.54,7,1,365,3.09,13.7,NA,NA,2321073.61,-26.27,-59.02,22.93,8.53,18.53
Arctonyx collaris,Negative,Negative,NA,no,-55.41,-20.04,-0.29,1,8.17,6,1,NA,3,13.92,NA,165.64,4519063.86,16.92,107.06,250.46,12.45,16.97
Bdeogale nigripes,Negative,Negative,NA,no,62.2,-18.77,-28.88,1,2.62,6,1,NA,1,15.83,NA,NA,3117248.8,0.73,19.61,21.16,14.55,24.22
Catopuma temminckii,Negative,Negative,NA,no,44.91,5.04,66.65,NA,7.73,1,1,NA,1.5,18,NA,NA,3437288.13,11.88,104.15,147.92,15.66,19.72
Paguma larvata,Negative,Negative,NA,no,59.19,-16.6,-24.58,1,4.3,6,1,182.5,2.16,18,NA,109.13,5422715.54,15.3,96.38,171.13,14.96,17.61
Viverra zibetha,Negative,Negative,NA,no,59.01,-16.49,-24.37,1,9.15,6,1,182.5,2.89,20,NA,NA,4064204.47,16.64,103.93,189.5,14.94,18.79
Vulpes macrotis,Negative,Negative,polygamous,yes,-6.8,84.34,-17.14,NA,4.5,NA,NA,NA,4.5,20,NA,NA,1790499.14,32.77,-111.19,13.4,2.42,13.54
Arctocephalus townsendi,Negative,Negative,polygamous,yes,-42.1,-5.27,0.03,NA,101.06,1,2,365,1,24,NA,328.13,NA,NA,NA,NA,NA,NA
Helarctos malayanus,Negative,Negative,NA,no,-32.93,-1.32,0.05,1,57.08,3,1,NA,1.1,24.8,NA,90.36,2525372.13,9.67,108.18,97.72,20.02,24.39
Mellivora capensis,Negative,Negative,polygamous,NA,-49.72,-15.28,-0.2,2,9,6,1,182.5,2.35,26.5,NA,23.86,27823522.11,4.13,35.1,54.67,6.61,23.66
Genetta cristata,Negative,Negative,NA,NA,59.86,-17.04,-25.4,1,1.86,2,NA,NA,2.5,34,NA,NA,210874.67,5.47,9.98,113.75,17.96,24.2
Tremarctos ornatus,Negative,Negative,polygamous,no,-32.83,-1.31,0.05,2,123.18,5,1,NA,1.44,36.42,NA,173.44,409517.73,-5.52,-71.63,35.22,12.54,17.98
Arctocephalus philippii,Negative,Negative,polygamous,yes,-42.1,-5.27,0.03,NA,95,6,2,365,1,NA,NA,NA,NA,NA,NA,NA,NA,NA
Bassaricyon alleni,Negative,Negative,NA,NA,-50.04,-15.39,-0.2,NA,NA,NA,NA,NA,NA,NA,NA,NA,467192.71,-7.01,-71.69,2.2,20.88,25.81
Bassaricyon beddardi,Negative,Negative,NA,NA,-50.04,-15.39,-0.2,1,1.24,NA,1,NA,NA,NA,NA,NA,441326.32,2.85,-64.01,0.69,18.63,23.99
Bassaricyon lasius,Negative,Negative,NA,NA,-50.04,-15.39,-0.2,1,1.2,NA,1,NA,NA,NA,NA,NA,3842.65,10.06,-83.83,196.05,23.82,21.82
Bassaricyon pauli,Negative,Negative,NA,NA,-50.04,-15.39,-0.2,1,1.2,NA,1,NA,NA,NA,NA,NA,1402.79,8.86,-82.87,29.67,23.3,29.54
Bdeogale crassicauda,Negative,Negative,NA,no,62.2,-18.77,-28.88,1,1.72,1,1,NA,0.96,NA,NA,NA,1654322.83,-11.01,33.53,38.56,8.29,22.93
Bdeogale jacksoni,Negative,Negative,NA,no,62.2,-18.77,-28.88,NA,2.5,2,1,NA,NA,NA,NA,NA,81428.64,0.25,36.16,188.08,8.01,19.64
Catopuma badia,Negative,Negative,NA,no,44.91,5.04,66.65,NA,3.43,NA,1,NA,NA,NA,NA,NA,261512.24,2.84,115.07,12.38,27.86,22.79
Chrotogale owstoni,Negative,Negative,NA,no,59.14,-16.57,-24.52,2,3.27,6,1,NA,NA,NA,NA,NA,27879.9,22.03,105.03,297.26,13.69,18.31
Conepatus chinga,Negative,Negative,polygamous,no,-47.1,-12.87,-0.16,NA,NA,NA,NA,NA,NA,NA,NA,NA,3247304.52,-24.6,-66.13,25.6,6.5,13.39
Conepatus humboldtii,Negative,Negative,NA,no,-47.1,-12.87,-0.16,1,1.1,1,2,NA,3.49,NA,NA,NA,709172.73,-45.97,-68.78,3.02,3.06,8.08
Conepatus semistriatus,Negative,Negative,polygamous,no,-47.1,-12.87,-0.16,1,2,6,2,NA,3.49,NA,NA,NA,2032658.27,4.29,-66.03,65.25,13.02,24.33
Crossarchus alexandri,Negative,Negative,NA,NA,62.27,-18.82,-28.97,NA,1.5,NA,1,NA,4,NA,NA,NA,1464819.63,-0.31,25.63,21.39,14.36,24.09
Crossarchus ansorgei,Negative,Negative,monogamous,yes,62.27,-18.82,-28.97,3,0.7,6,1,NA,NA,NA,NA,NA,604251.42,-3.67,20.06,9.34,15.43,25
Diplogale hosei,Negative,Negative,NA,NA,59.14,-16.57,-24.53,1,NA,6,1,NA,NA,NA,NA,NA,14471.88,5.41,116.42,34.39,25.77,23.13
Dologale dybowskii,Negative,Negative,NA,no,62.26,-18.82,-28.96,NA,0.36,NA,1,NA,4,NA,NA,NA,433013.15,2.78,28.71,39.34,12.44,23.43
Dusicyon australis,Negative,Negative,monogamous,yes,-6.83,85.24,-17.37,NA,NA,1,1,NA,NA,NA,NA,NA,NA,NA,NA,NA,NA,NA
Eupleres goudotii,Negative,Negative,NA,no,60.49,-17.6,-26.61,2,2.76,6,1,NA,1,NA,NA,62.99,111808.26,-18.76,47.44,33.45,16.37,20.72
Felis bieti,Negative,Negative,polygamous,no,45.1,5.09,67.42,NA,5.49,NA,1,NA,NA,NA,NA,NA,383107.61,37.08,100.3,33.45,3.01,-0.49
Felis manul,Negative,Negative,polygamous,no,45.01,5.07,67.06,1,3.05,1,1,NA,4.83,NA,NA,NA,8390117.08,40.56,84.32,21.03,3,0.73
Felis margarita,Negative,Negative,NA,NA,45.09,5.09,67.41,1,2.82,1,1,197.7,4.12,NA,NA,NA,12141993.7,30.41,26.61,10.35,0.75,22.39
Galerella flavescens,Negative,Negative,NA,NA,62.16,-18.75,-28.83,NA,0.75,NA,1,NA,NA,NA,NA,NA,279748.74,-17.71,14.25,4.05,3.65,18.13
Galerella ochracea,Negative,Negative,NA,NA,62.16,-18.75,-28.83,NA,NA,NA,NA,NA,NA,NA,NA,NA,452479.81,4.71,45.71,14.41,2.34,25.97
Galictis vittata,Negative,Negative,monogamous,yes,-56.41,-20.88,-0.31,NA,NA,NA,NA,NA,NA,NA,NA,NA,10078448.48,3.5,-66.73,18.86,15.96,24.8
Galidictis fasciata,Negative,Negative,monogamous,no,60.62,-17.69,-26.78,2,0.55,2,1,365,1,NA,NA,NA,87237.59,-19.6,48.5,33.5,17.86,19.78
Galidictis grandidieri,Negative,Negative,monogamous,yes,60.62,-17.69,-26.78,2,1.4,2,1,365,1,NA,NA,NA,4044.38,-24.29,43.96,13,4.32,24.18
Genetta abyssinica,Negative,Negative,NA,NA,59.73,-16.96,-25.25,NA,1.41,NA,1,NA,NA,NA,NA,NA,418638.21,12.72,40.62,55.58,6.12,23.26
Genetta angolensis,Negative,Negative,NA,NA,59.88,-17.05,-25.42,1,1.86,NA,1,NA,NA,NA,NA,NA,2087717.97,-9.97,26.29,19.81,9.41,21.64
Genetta johnstoni,Negative,Negative,NA,NA,59.8,-17,-25.33,NA,2.23,NA,1,NA,NA,NA,NA,NA,180606.44,6.86,-8.95,35.89,21.92,24.67
Genetta maculata,Negative,Negative,NA,NA,59.88,-17.05,-25.42,1,1.95,6,1,NA,2.12,NA,NA,NA,12805950.62,-5.9,23.09,34.65,9.68,23.32
Genetta pardina,Negative,Negative,NA,NA,59.88,-17.05,-25.42,NA,NA,NA,NA,NA,NA,NA,NA,NA,1125427.08,8.96,-8.07,50.48,14.63,26.24
Genetta piscivora,Negative,Negative,NA,no,59.86,-17.04,-25.41,1,1.65,1,2,NA,0.96,NA,NA,NA,222754.63,0.61,24.78,18.8,14.49,23.63
Genetta servalina,Negative,Negative,NA,NA,59.86,-17.04,-25.41,1,1.18,6,1,NA,1.5,NA,NA,NA,3667035.54,-1.88,24.13,30.75,13.35,23.67
Genetta thierryi,Negative,Negative,NA,NA,59.73,-16.96,-25.25,NA,1.4,NA,1,NA,NA,NA,NA,NA,2289307.11,11.31,-1.18,73.19,10.86,26.57
Genetta victoriae,Negative,Negative,NA,NA,59.76,-16.97,-25.28,NA,2.74,NA,1,NA,NA,NA,NA,NA,657455.4,0.24,23.91,25.47,14.01,23.44
Helogale hirtula,Negative,Negative,monogamous,yes,62.26,-18.82,-28.96,3,0.48,1,1,NA,NA,NA,NA,NA,1080149.67,1.75,42.13,23.39,4.19,24.2
Herpestes brachyurus,Negative,Negative,NA,NA,62.12,-18.72,-28.78,1,1.4,1,1,NA,3.49,NA,NA,NA,1313618.8,3.19,107.76,65.98,24.37,24.84
Herpestes fuscus,Negative,Negative,NA,NA,62.17,-18.75,-28.85,NA,NA,NA,NA,NA,NA,NA,NA,NA,91597.58,10.17,78.62,332.93,13.28,25.52
Herpestes naso,Negative,Negative,NA,NA,62.13,-18.72,-28.78,1,3,1,1,NA,NA,NA,NA,NA,2499072.82,-2.46,17.58,22.84,14.77,24.27
Herpestes semitorquatus,Negative,Negative,NA,NA,62.17,-18.75,-28.85,NA,NA,NA,1,NA,NA,NA,NA,NA,209629.86,0.32,109.16,41.72,27.38,24.15
Herpestes smithii,Negative,Negative,NA,NA,62.17,-18.75,-28.85,1,1.7,6,1,NA,2.5,NA,NA,NA,1629561.03,15.21,80.19,321.15,9.98,25.87
Herpestes vitticollis,Negative,Negative,NA,NA,62.13,-18.72,-28.78,2,2.38,NA,1,NA,2.73,NA,NA,NA,197229,10.47,78.28,377.61,12.97,25.84
Leopardus braccatus,Negative,Negative,NA,NA,45.08,5.09,67.35,NA,NA,NA,NA,NA,NA,NA,NA,NA,935418.44,-24.26,-54.78,17.31,11.42,21.3
Leopardus colocolo,Negative,Negative,NA,NA,45.08,5.09,67.35,NA,NA,NA,NA,NA,NA,NA,NA,NA,180642.4,-25.46,-69.95,46.92,2.59,1.24
Leopardus geoffroyi,Negative,Negative,NA,no,45.08,5.09,67.35,NA,NA,NA,NA,NA,NA,NA,NA,NA,3653843.2,-33.21,-61.27,11.82,6.84,15.72
Leopardus guigna,Negative,Negative,NA,no,45.08,5.09,67.35,NA,NA,NA,NA,NA,NA,NA,NA,NA,190039.77,-39.4,-72.53,47.1,10.29,8.36
Leopardus jacobitus,Negative,Negative,NA,no,45.07,5.08,67.31,NA,8.13,1,1,NA,NA,NA,NA,NA,931676.41,-20.56,-69.36,15.71,8.09,9.58
Leopardus pajeros,Negative,Negative,NA,NA,45.08,5.09,67.35,NA,NA,NA,NA,NA,NA,NA,NA,NA,2316055.55,-26.41,-70.23,8.82,7.94,13.58
Leopardus tigrinus,Negative,Negative,NA,no,45.08,5.09,67.35,NA,NA,NA,NA,NA,NA,NA,NA,NA,11884529.12,-9.35,-59.58,25.54,14.62,23.82
Liberiictis kuhni,Negative,Negative,NA,yes,62.25,-18.8,-28.94,3,1.83,6,1,NA,NA,NA,NA,NA,125428.68,6.42,-9.34,33.18,24,24.48
Lontra felina,Negative,Negative,monogamous,no,-56.5,-20.96,-0.31,3,11.2,2,2,365,2.54,NA,NA,NA,NA,NA,NA,NA,NA,NA
Lontra longicaudis,Negative,Negative,polygamous,no,-56.5,-20.96,-0.31,2,6.55,2,3,NA,3.69,NA,NA,NA,12885820.36,-6,-72.98,24.64,14.86,23.51
Lontra provocax,Negative,Negative,polygamous,yes,-56.5,-20.96,-0.31,NA,7.5,2,2,NA,NA,NA,NA,NA,804793.49,-47.02,-69.24,3.79,5.35,7.53
Lutra nippon,Negative,Negative,NA,NA,-56.5,-20.96,-0.31,NA,NA,NA,NA,NA,NA,NA,NA,NA,305747.47,39.47,138.34,323.22,12.51,8.34
Lutra sumatrana,Negative,Negative,NA,NA,-56.5,-20.96,-0.31,NA,5.97,1,2,NA,NA,NA,NA,NA,1333065.92,2.88,107.22,181.06,22.89,24.92
Lycalopex fulvipes,Negative,Negative,monogamous,no,-6.83,85.29,-17.38,NA,NA,NA,NA,NA,NA,NA,NA,NA,8795.59,-40.4,-73.68,24.53,15.35,10.5
Lycalopex griseus,Negative,Negative,monogamous,yes,-6.83,85.29,-17.38,NA,NA,NA,NA,NA,NA,NA,NA,NA,1620863.23,-38.9,-68.23,12.37,4.97,11.14
Lyncodon patagonicus,Negative,Negative,NA,NA,-49.72,-15.28,-0.2,2,0.23,NA,1,NA,NA,NA,NA,NA,834663.98,-38.91,-69.04,4.91,2.97,10.02
Lynx pardinus,Negative,Negative,polygamous,no,45.06,5.08,67.27,NA,11.05,1,1,NA,2.5,NA,NA,NA,27058.5,39.94,-2.91,36.98,4.84,13.37
Macrogalidia musschenbroekii,Negative,Negative,NA,no,59.19,-16.6,-24.58,NA,5.15,6,1,NA,NA,NA,NA,NA,22966.97,-0.85,122.28,37.15,22.69,19.71
Martes gwatkinsii,Negative,Negative,monogamous,yes,-55.99,-20.52,-0.3,2,2.04,3,1,NA,NA,NA,NA,90.73,9366.98,9.88,76.88,509.72,15.54,26
Martes melampus,Negative,Negative,NA,no,-56.01,-20.54,-0.3,NA,1,NA,1,NA,NA,NA,NA,NA,377250.77,36.26,134.09,400.13,13.3,10.3
Melogale everetti,Negative,Negative,NA,no,-55.4,-20.03,-0.29,2,NA,6,1,NA,2,NA,NA,NA,213.93,6.08,116.54,89.5,22.75,23.65
Melogale orientalis,Negative,Negative,NA,yes,-55.4,-20.03,-0.29,NA,NA,NA,NA,NA,NA,NA,NA,NA,13388.78,-7.52,110.97,984.27,20.2,23.82
Melogale personata,Negative,Negative,NA,no,-55.4,-20.03,-0.29,2,1.85,6,1,NA,2.5,NA,NA,NA,312496.33,18.19,97.95,193.5,16,22.81
Mephitis macroura,Negative,Negative,monogamous,no,-47.14,-12.9,-0.16,2,1.1,1,1,NA,4.68,NA,NA,NA,1791883.52,23.58,-99.25,53.35,6.11,18.77
Monachus tropicalis,Negative,Negative,NA,no,-41.93,-5.22,0.03,NA,197.76,1,2,547.5,1,NA,NA,NA,NA,NA,NA,NA,NA,NA
Mungos gambianus,Negative,Negative,NA,yes,62.25,-18.81,-28.95,3,1.64,6,1,NA,NA,NA,NA,NA,1729257.01,9.06,-1.11,70.87,13.22,26.3
Mustela africana,Negative,Negative,polygamous,NA,-56.36,-20.84,-0.31,NA,0.54,NA,1,NA,NA,NA,NA,NA,4349020.29,-4.15,-60.71,3.27,18.26,25.33
Mustela altaica,Negative,Negative,polygamous,no,-56.48,-20.94,-0.31,2,0.18,1,1,365,5.44,NA,NA,56,7652386.33,41.08,103.12,66.51,5.09,-0.61
Mustela felipei,Negative,Negative,monogamous,no,-56.36,-20.84,-0.31,NA,0.21,NA,1,NA,NA,NA,NA,NA,2258.77,2.02,-76.59,45.99,11.4,13.1
Mustela itatsi,Negative,Negative,polygamous,no,-56.5,-20.95,-0.31,NA,NA,NA,NA,NA,NA,NA,NA,NA,362403.77,38.25,137.69,312.45,13.22,9.06
Mustela kathiah,Negative,Negative,NA,no,-56.42,-20.89,-0.31,NA,0.26,1,1,NA,NA,NA,NA,NA,320536.51,24.93,100.49,322.41,12.03,15.48
Mustela lutreolina,Negative,Negative,polygamous,no,-56.51,-20.96,-0.31,2,0.47,1,1,NA,NA,NA,NA,NA,52045.25,-5.4,106.38,696.72,23.66,24.55
Mustela nudipes,Negative,Negative,polygamous,no,-56.51,-20.96,-0.31,NA,0.57,NA,1,NA,4,NA,NA,NA,1430581.79,-0.87,107.22,149.19,23.95,24.8
Mustela strigidorsa,Negative,Negative,polygamous,NA,-56.51,-20.96,-0.31,NA,1.5,NA,1,NA,NA,NA,NA,NA,453670.13,19.97,96.48,81.35,16.33,15.96
Mustela subpalmata,Negative,Negative,polygamous,no,-56.48,-20.94,-0.31,NA,NA,NA,NA,NA,NA,NA,NA,NA,51212.85,30.53,30.54,607.53,0.53,20.13
Mydaus javanensis,Negative,Negative,NA,NA,-46.88,-12.73,-0.16,1,2.5,6,1,NA,NA,NA,NA,NA,764817.16,-0.8,107.18,188.31,24.24,24.89
Mydaus marchei,Negative,Negative,NA,no,-46.88,-12.73,-0.16,2,2.5,NA,1,NA,NA,NA,NA,NA,12526.74,10.33,118.75,41.8,22.4,24.98
Nasuella olivacea,Negative,Negative,polygamous,yes,-50.1,-15.43,-0.2,2,1.34,6,1,NA,NA,NA,NA,NA,111926.53,3.91,-74.3,79.9,11.87,17.7
Neovison vison,Negative,Negative,polygamous,no,-56.36,-20.84,-0.31,NA,NA,NA,NA,NA,NA,NA,NA,NA,13218592.49,48.16,-111.87,20.21,5.54,1.49
Paracynictis selousi,Negative,Negative,NA,NA,62.19,-18.77,-28.87,1,1.67,1,1,NA,2,NA,NA,NA,2095494.67,-19.04,25.34,18.41,7.31,21.29
Pardofelis marmorata,Negative,Negative,NA,no,44.91,5.04,66.64,1,2.83,1,1,NA,2,NA,NA,NA,2298300.89,11.32,101.34,77.52,20.23,22.69
Poiana leightoni,Negative,Negative,NA,NA,59.64,-16.9,-25.14,NA,NA,NA,NA,NA,NA,NA,NA,NA,188494.8,6.45,-8.1,40.05,20.09,24.97
Prionailurus iriomotensis,Negative,Negative,monogamous,no,45.07,5.08,67.32,NA,NA,NA,NA,NA,NA,NA,NA,NA,280.7,24.33,123.8,365,NA,NA
Prionailurus planiceps,Negative,Negative,NA,no,45.06,5.08,67.28,1,3.53,2,1,NA,NA,NA,NA,NA,1100389.34,1.06,107.09,74.47,24.07,25.03
Prionailurus rubiginosus,Negative,Negative,monogamous,no,45.06,5.08,67.28,1,1.42,1,1,NA,2.23,NA,NA,NA,1372527.48,14.64,78.1,331.4,9.56,26.12
Prionodon pardicolor,Negative,Negative,NA,no,31.92,1.68,10.47,1,1.14,6,1,182.5,2,NA,NA,NA,1096040.96,21.41,97.91,112.92,14.27,18.26
Procyon pygmaeus,Negative,Negative,polygamous,no,-50.12,-15.44,-0.21,1,2.96,3,1,NA,NA,NA,NA,NA,490.76,20.42,-86.87,67.63,12.3,25.6
Rhynchogale melleri,Negative,Negative,NA,NA,62.17,-18.75,-28.84,1,2.24,6,1,NA,2,NA,NA,NA,2352914.33,-14.93,30.73,28.1,8.23,22.12
Spilogale gracilis,Negative,Negative,polygamous,yes,-47.17,-12.92,-0.16,NA,NA,NA,NA,NA,NA,NA,NA,NA,3831634.7,36.59,-112.01,22.96,3.41,11.77
Spilogale pygmaea,Negative,Negative,NA,NA,-47.17,-12.92,-0.16,2,0.37,6,1,NA,4,NA,NA,NA,95598.41,19.49,-100.42,36.44,9.72,21.71
Viverra civettina,Negative,Negative,NA,NA,59.01,-16.49,-24.37,1,12.06,6,1,NA,NA,NA,NA,NA,14075.26,10.87,76.27,521.43,19.25,25.79
Viverra megaspila,Negative,Negative,NA,NA,59.01,-16.49,-24.37,NA,NA,NA,NA,NA,NA,NA,NA,NA,1595937.43,12.1,101.83,136.81,16.26,24.21
Vulpes rueppellii,Negative,Negative,monogamous,yes,-6.8,84.34,-17.14,1,3.25,1,1,NA,2.12,NA,NA,NA,11669070.9,24.61,27.22,23.42,0.87,22.18
Atilax paludinosus,Negative,Positive,NA,NA,62.12,-18.71,-28.77,2,3.6,6,2,182.5,2,17.42,0.64,35.89,14296320.45,-8.88,12.52,37.15,9.99,23.34
Suricata suricatta,Negative,Positive,monogamous,yes,62.23,-18.79,-28.92,3,0.73,1,1,365,3.86,12.5,1.03,55.68,1720747.74,-24.77,21.29,10.05,2.66,17.58
Crocuta crocuta,Negative,Positive,polygamous,yes,58.63,-16.33,-24.16,1,63.37,1,1,441.04,1.91,41.1,2.16,371.37,14790149.69,-5.14,16.93,33.56,7.83,23.85
Paradoxurus zeylonensis,Negative,Positive,NA,no,59.2,-16.61,-24.6,1,2.82,6,1,NA,2.5,NA,NA,NA,5405.27,6.93,80.63,443.85,17.03,24.58
Herpestes javanicus,Positive,Positive,NA,yes,62.17,-18.75,-28.85,3,0.75,6,1,152.08,2.21,10,0.46,43.59,6880297.87,14.29,78.4,188.18,9.6,20.82
Spilogale putorius,Positive,Positive,NA,NA,-47.17,-12.92,-0.16,1,0.57,6,1,243.33,5.07,10,0.54,55.68,2957350.08,37.14,-92.13,32.08,7.25,13.42
Canis mesomelas,Positive,Positive,monogamous,yes,-6.82,85.01,-17.31,2,8.25,6,1,273.75,3.89,14,0.66,34.1,6248779.95,-9.18,31.56,30.81,4.93,21.33
Canis adustus,Positive,Positive,monogamous,yes,-6.82,85.01,-17.31,1,10.39,6,1,NA,4.5,11.42,0.68,52.89,10581413.14,-6,13,35.2,9.08,23.65
Cerdocyon thous,Positive,Positive,monogamous,yes,-6.83,85.21,-17.36,1,5.74,7,1,243.33,3.09,11.5,0.76,72.33,7091683.41,-11.22,-55.68,35.64,11.87,23
Vulpes lagopus,Positive,Positive,monogamous,yes,-6.8,84.34,-17.14,2,3.58,1,1,365,7.65,15,0.81,49.5,16988732.37,65.45,0,2.84,3,-9.04
Vulpes vulpes,Positive,Positive,polygamous,no,-6.8,84.34,-17.14,1,4.82,1,1,365,4.59,15,0.88,50.71,63034304.34,43.1,0,66.44,4.66,3.43
Nyctereutes procyonoides,Positive,Positive,polygamous,yes,-6.75,83.16,-16.84,1,4.21,6,1,365,6.36,14,0.89,49.69,6704451.99,38.26,109.24,186.51,7.01,5.67
Cynictis penicillata,Positive,Positive,NA,yes,62.19,-18.77,-28.87,3,0.69,1,1,365,2.15,15.2,0.96,41.76,2233627.48,-25.71,22.04,15.27,3.33,18.42
Urocyon cinereoargenteus,Positive,Positive,monogamous,yes,-6.75,83.15,-16.84,2,3.83,6,1,365,3.71,15,0.96,63.79,9010481.09,26.13,-94.96,52.72,7,14.84
Mephitis mephitis,Positive,Positive,polygamous,no,-47.14,-12.9,-0.16,1,2.4,6,1,365,5.7,12.92,0.97,55.15,12277338.73,43.15,-94.89,28.88,5.27,7.6
Canis aureus,Positive,Positive,monogamous,yes,-6.82,85.13,-17.34,2,9.66,6,1,365,3.74,16,1.02,61.3,25739527.43,21.14,45.74,79.29,4.46,21.72
Canis latrans,Positive,Positive,monogamous,yes,-6.82,85.13,-17.34,2,11.99,1,1,365,5.72,21.83,1.02,43.71,17099094.3,39.7,-117.6,27.27,5.3,5.82
Otocyon megalotis,Positive,Positive,monogamous,yes,-6.75,83.14,-16.83,2,4.1,1,1,182.5,4,13.8,1.15,42.46,5001822.67,-12.59,31.54,24.86,4.58,21.01
Galerella sanguinea,Positive,Positive,polygamous,no,62.16,-18.74,-28.82,3,0.54,6,1,182.5,2.5,6,1.28,54.44,16368169.48,-7.06,16.93,33.39,8.49,23.33
Procyon lotor,Positive,Positive,polygamous,yes,-50.12,-15.44,-0.21,2,6.37,6,2,365,3.06,21,1.54,104.16,11703644.72,32.99,-94.43,38.77,6.33,11.18
Canis lupus,Positive,Positive,monogamous,yes,-6.82,85.13,-17.34,2,31.76,1,1,365,4.98,29.5,1.86,44.82,50803439.7,47.38,3.9,37.87,3.48,0.48
Potos flavus,Positive,Positive,polygamous,yes,-49.51,-15.02,-0.2,1,2.44,4,2,365,1.11,29,2.35,109.13,12770952.51,0.3,-68.67,25.77,15.37,24.15
Nasua narica,Positive,Positive,NA,yes,-50.11,-15.44,-0.2,2,4.58,6,1,365,4,17.67,2.76,132.63,2329129.95,21.26,-95.33,46.82,8.62,20.56
Vulpes corsac,Positive,Positive,monogamous,yes,-6.8,84.34,-17.14,1,2.62,6,1,365,5.62,NA,2.81,54.56,6378396.4,41.96,92.4,22.43,1.94,3.78
Melogale moschata,Positive,Positive,NA,NA,-55.87,-20.43,-0.3,2,0.94,6,1,NA,2,10.5,NA,NA,1476533.73,25.77,107.91,325.78,12.03,16.38
Lycalopex sechurae,Positive,Positive,NA,NA,-6.83,85.29,-17.38,1,4.23,7,1,NA,NA,NA,NA,NA,75180.74,-8.14,-78.77,142.69,1.5,16.93
Lycalopex vetulus,Positive,Positive,monogamous,no,-6.83,85.29,-17.38,NA,4.23,6,1,365,3,NA,NA,NA,1486644.88,-14.56,-45.67,18.02,11.25,23.01
