Species,conservative,liberal,PCO1,PCO2,PCO3,PCO4,AdultBodyMass_g,AdultForearmLen_mm,GR_Area_km2,GR_MidRangeLat_dd,HuPopDen_Mean_n/km2,Precip_Mean_cm,Temp_Mean_01degC,DietBreadth,LitterSize
Ametrida centurio,Negative,Negative,-0.906770098,-0.575179788,-0.044908528,-0.135353493,10.61,29,4577247.97,-2.18,9.86,15.906,25.029,1,0
Artibeus anderseni,Negative,Negative,-0.897523445,-0.568802721,-0.047960342,-0.141450806,NA,35.49,3362837.2,-9,4.26,17.88,24.002,1,0
Artibeus fraterculus,Negative,Negative,-0.910220584,-0.581013611,-0.048373055,-0.147124968,NA,56,336498.73,-6.32,81.95,6.793,16.507,1,0
Artibeus hirsutus,Negative,Negative,-0.913213008,-0.583802053,-0.048355712,-0.148107441,40.42,55.88,299330.97,22.67,82.64,6.843,20.379,1,0
Carollia brevicauda,Negative,Negative,-0.751988408,-0.422682786,-0.034012214,-0.024216465,14.85,40.26,11615943.22,0.09,25.68,15.522,24.049,1,0
Carollia subrufa,Negative,Negative,-0.730960125,-0.404000104,-0.035393776,-0.051795332,15.84,39.41,330694.77,11.34,70.67,14.306,23.226,1,0
Centronycteris maximiliani,Negative,Negative,0.021935515,0.173814697,0.086784149,-0.050615425,23,45.5,5567605.79,-4.35,20.14,15.217,24.926,1,0
Chiroderma trinitatum,Negative,Negative,-0.809505713,-0.485076772,-0.046220331,-0.109641195,13.91,36.38,9415792.03,-4.91,11.91,16.423,24.415,1,0
Cynomops abrasus,Negative,Negative,NA,NA,NA,NA,35.39,43.5,10368632.82,-10.15,10.2,15.162,24.336,1,0
Lionycteris spurrelli,Negative,Negative,-0.754961521,-0.420008674,-0.026427345,-0.147908938,8.85,34.99,7325792,-1.25,15.8,17.37,24.313,1,0
Lonchorhina aurita,Negative,Negative,-0.808057599,-0.466438243,-0.021243186,-0.028888101,15.38,51.05,11889121.65,-2.7,27.52,15.602,24.268,1,0
Molossops temminckii,Negative,Negative,NA,NA,NA,NA,5.86,28.49,7264791.36,-15.27,25.92,12.067,21.938,1,0
Myotis fortidens,Negative,Negative,NA,NA,NA,NA,4.37,37,470951.95,22.77,49.76,9.099,21.823,1,0
Myotis riparius,Negative,Negative,0.711370229,-0.203717127,-0.033022677,-0.097857426,4.57,34.99,14273179.55,-9.52,24.54,14.696,23.361,1,0
Platalina genovensium,Negative,Negative,1.054800321,-0.356388253,-0.009606205,-0.113034075,NA,47.96,672990.49,-10.61,41.31,7.645,15.225,1,0
Platyrrhinus vittatus,Negative,Negative,-0.910776714,-0.579120195,-0.045225437,-0.127451068,37.01,57.11,2096484.1,-3.62,45.65,13.679,19.926,1,0
Pteronotus gymnonotus,Negative,Negative,-0.406270276,-0.05202548,0.042037222,-0.080924778,13.6,51.74,3390492.62,1.13,30.85,15.335,23.589,1,0
Pteronotus personatus,Negative,Negative,-0.407748706,-0.053006298,0.042812625,0.244790247,7.99,44.49,4866973.12,5.64,40.21,13.939,23.793,1,0
Rhinophylla fischerae,Negative,Negative,-0.795236747,-0.457462388,-0.025377401,-0.240474314,9.6,32.02,3691801.39,-4.69,8.48,18.68,24.274,1,0
Rhinophylla pumilio,Negative,Negative,-0.793527459,-0.45595685,-0.025512566,-0.227987959,9.58,33.5,8340002.26,-4.6,12.53,16.368,24.476,1,0
Sturnira bogotensis,Negative,Negative,-0.880958555,-0.549725543,-0.043384339,-0.122935772,19.94,NA,707990.74,-0.95,48.76,14.322,20.719,1,0
Sturnira magna,Negative,Negative,-0.910866828,-0.577195108,-0.042711105,-0.111621428,NA,57.5,1663098.75,-8.48,19.15,15.927,19.295,1,0
Sturnira mordax,Negative,Negative,-0.870554987,-0.540174477,-0.043624173,-0.110187639,11.79,46.5,36057.38,9.56,53.04,24.85,24.778,1,0
Sturnira nana,Negative,Negative,-0.824763821,-0.497989046,-0.044450335,-0.112131843,NA,34.99,134979.84,-12.62,12.84,13.146,16.258,1,0
Sturnira tildae,Negative,Negative,-0.884003612,-0.552521666,-0.043314994,-0.125418913,24.39,45.5,11144679,-7.74,21.92,15.433,23.961,1,0
Thyroptera tricolor,Negative,Negative,-0.498850691,-0.143140136,0.040144576,0.569879958,4.52,35.49,9815698.72,-3.84,28.9,16.056,23.984,1,0
Uroderma magnirostrum,Negative,Negative,-0.904710563,-0.573244361,-0.044934694,-0.245942988,17.3,41.49,10432701.36,-0.56,18.77,15.927,24.382,1,0
Vampyressa pusilla,Negative,Negative,-0.931297095,-0.597681916,-0.044342418,-0.125978878,8.77,30.5,NA,NA,NA,NA,NA,1,0
Vampyrodes caraccioli,Negative,Negative,-0.893836589,-0.563361737,-0.045349311,-0.127949168,35.89,52.05,8377468.83,0.28,15.57,17.208,24.137,1,0
Amorphochilus schnablii,Negative,Negative,NA,NA,NA,NA,NA,35.99,437429.66,-11.15,60.47,3.48,10.252,1,0
Ardops nichollsi,Negative,Negative,-0.8834507,-0.55362041,-0.045266804,-0.128409444,19.23,48.56,4493.21,15.32,215.47,NA,NA,1,0
Artibeus aztecus,Negative,Negative,-0.894913539,-0.566333462,-0.047925555,-0.140446533,20.81,44.36,572771.69,16.41,88.99,9.995,20.417,1,0
Artibeus cinereus,Negative,Negative,-0.901268131,-0.572282837,-0.04792672,-0.142643296,12.7,38.99,1835095.13,5.42,19.68,15.084,25.038,1,0
Artibeus toltecus,Negative,Negative,-0.905113483,-0.575833591,-0.047860303,-0.143775673,15.47,39.5,1039041.68,13.89,67.8,13.884,21.572,1,0
Balantiopteryx plicata,Negative,Negative,0.025141085,0.1768788,0.095397881,0.697853384,6.57,42.23,841946.43,18.24,88.19,10.696,21.678,1,0
Carollia castanea,Negative,Negative,-0.782220554,-0.44955072,-0.032023187,-0.025477092,13.1,36.2,4881458.89,-1.34,24.23,17.115,23.615,1,0
Centurio senex,Negative,Negative,-0.897698951,-0.56681687,-0.04508082,-0.048544799,23.09,44,2107462.67,15.65,58.61,12.665,23.297,1,0
Chiroderma salvini,Negative,Negative,-0.870767228,-0.541376949,-0.044843455,0.201595331,26.3,47.5,3181262.57,3.98,48.18,13.76,20.868,1,0
Chiroderma villosum,Negative,Negative,-0.823345848,-0.497791962,-0.045903086,-0.108847665,23.81,45.51,10366490.11,-1.11,16.68,15.913,23.917,1,0
Cynomops greenhalli,Negative,Negative,NA,NA,NA,NA,15.87,35.49,1848057.21,1.02,52.15,14.842,24.811,1,0
Diphylla ecaudata,Negative,Negative,-0.623895696,-0.273175717,0.016269683,0.732419681,28.11,54.99,8019521.93,2.82,33.37,14.174,23.762,1,0
Ectophylla alba,Negative,Negative,-0.936687505,-0.602359951,-0.043719934,-0.090727922,5.55,28.65,138091.24,12.47,26.81,23.256,23.95,1,0
Enchisthenes hartii,Negative,Negative,NA,NA,NA,NA,16.99,39.82,3507398.71,3.15,45.36,14.017,21.971,1,0
Eumops bonariensis,Negative,Negative,NA,NA,NA,NA,12.22,40.12,15178955.17,-7.11,26.03,14.39,23.287,1,0
Eumops perotis,Negative,Negative,0.026798247,0.178497576,0.097462715,-0.026629707,50.97,75.49,16118784.11,3.99,26.8,12.855,21.818,1,0
Mesophylla macconnelli,Negative,Negative,-0.90566398,-0.574033051,-0.044802713,-0.203653115,6.86,31.62,8790472.74,-3.31,14.9,16.903,24.305,1,0
Mormoops megalophylla,Negative,Negative,-0.415650432,-0.084737562,0.008298035,0.711407763,16.09,54.99,3624939.01,13.01,51.06,8.554,21.138,1,0
Myotis grisescens,Negative,Negative,0.679628354,-0.189661676,-0.034510963,-0.09541714,10.84,43.26,854748.87,35.76,42.41,9.464,14.73,1,0
Myotis sodalis,Negative,Negative,0.694562087,-0.196220888,-0.033661938,-0.094070117,7.15,38.49,1567441.07,38.05,75.89,8.617,12.536,1,0
Myotis vivesi,Negative,Negative,0.755622171,-0.223351506,-0.031123468,-0.06403661,25.63,60.99,36822.86,27.7,8.68,1.339,19.881,1,0
Natalus stramineus,Negative,Negative,0.304840007,0.010326889,0.027602863,0.214121361,5.68,38.86,3998095.4,3.72,48.8,12.063,23.073,1,0
Nyctinomops femorosaccus,Negative,Negative,NA,NA,NA,NA,15.04,47.5,1257778.48,26.21,32.89,3.184,17.807,1,0
Nyctinomops macrotis,Negative,Negative,NA,NA,NA,NA,16.38,60.99,18149920.2,2.18,30.69,12.71,22.269,1,0
Peropteryx leucoptera,Negative,Negative,0.018853623,0.174473965,0.083045144,-0.0751,NA,44,4061234.83,-5.04,17.59,17.026,25.34,1,0
Platyrrhinus helleri,Negative,Negative,-0.900811872,-0.569932041,-0.045407098,-0.135288497,13.44,38.09,10885924.75,-2.32,17.67,15.894,23.648,1,0
Pteronotus davyi,Negative,Negative,-0.411696154,-0.055280755,0.044818636,-0.08131508,9.52,45.1,2748221.32,10.77,63.21,12.619,22.494,1,0
Pteronotus parnellii,Negative,Negative,-0.415529196,-0.057603187,0.046801222,0.250097388,19.59,60.09,8414216.78,6.41,32.23,15.261,24.005,1,0
Rhynchonycteris naso,Negative,Negative,0.014625725,0.169842692,0.071271182,-0.075318349,4.14,38.11,11358190.42,-1.53,21.94,15.752,24.417,1,0
Saccopteryx bilineata,Negative,Negative,0.023134791,0.174744627,0.089598806,-0.118356554,8.08,45.99,12018838.16,0.5,26.37,15.344,24.18,1,0
Stenoderma rufum,Negative,Negative,-0.863788804,-0.535542883,-0.045707444,-0.012262839,21.1,49.37,8961.11,18.22,306.66,10.475,24,1,0
Sturnira aratathomasi,Negative,Negative,-0.865168033,-0.535164948,-0.043651982,-0.011533516,49.67,58.59,450907.36,3.15,51.41,18.857,22.758,1,0
Sturnira bidens,Negative,Negative,-0.817268721,-0.490943266,-0.044356586,-0.125669919,18.05,41.49,381210.45,-1.95,47.83,14.574,19.1,1,0
Sturnira erythromos,Negative,Negative,-0.884193473,-0.552697482,-0.043312675,-0.116696088,15.53,41.74,3121221.48,-7.86,37.36,12.641,19.744,1,0
Sturnira ludovici,Negative,Negative,-0.888265164,-0.556439201,-0.043224435,-0.10269648,21,43.5,2756672.83,10.13,60.71,13.238,23.047,1,0
Chiroderma doriae,Negative,Negative,-0.823962,-0.498360374,-0.045892967,0.640058749,19.9,52.5,499911.44,-21.51,142.11,12.532,20.037,1,0
Corynorhinus rafinesquii,Negative,Negative,NA,NA,NA,NA,9.15,43,1333256.65,32.8,52.7,10.228,17.206,1,0
Cynomops planirostris,Negative,Negative,NA,NA,NA,NA,12.84,31.5,11408256.94,-8.43,15.9,14.925,24.333,1,0
Diclidurus albus,Negative,Negative,0.026944995,0.178988795,0.100581169,-0.123475883,16.56,66,7898368.07,2.48,27.6,15.772,24.562,1,0
Euderma maculatum,Negative,Negative,NA,NA,NA,NA,16.17,49.5,2325377.38,36.6,9.67,2.854,9.964,1,0
Eumops underwoodi,Negative,Negative,NA,NA,NA,NA,58.67,71.24,789177.81,22.63,72.4,8.555,20.24,1,0
Furipterus horrens,Negative,Negative,-0.45375266,-0.111590072,0.022858992,0.710311137,3.15,35.49,8511305.96,-7.02,29.98,15.96,24.371,1,0
Macrophyllum macrophyllum,Negative,Negative,-0.813745028,-0.471955794,-0.021680306,-0.037822743,8.02,35.63,13319743.35,-5.26,25.99,15.253,23.74,1,0
Myotis auriculus,Negative,Negative,0.657345661,-0.179717413,-0.035239938,-0.10234828,38.04,38,619854.71,27.58,20.29,3.801,16.615,1,0
Nyctinomops aurispinosus,Negative,Negative,0.021205634,0.175444866,0.085675122,-0.137178426,18.43,49.5,12349250.02,1.94,25.15,14.971,23.786,1,0
Saccopteryx canescens,Negative,Negative,0.019013081,0.172828315,0.081217703,-0.119656844,3.41,38,5307719.51,0.07,11.45,17.588,25.222,1,0
Molossus sinaloae,Negative,Negative,NA,NA,NA,NA,21.09,47.06,2026991.98,12.5,66.5,13.993,23.125,1,1
Pteronotus quadridens,Negative,Negative,-0.414920102,-0.057221323,0.046478412,0.2537542,5.64,37.5,201573.11,20.39,168.91,10.677,24.598,1,1
Rhogeessa tumida,Negative,Negative,0.78146022,-0.235665615,-0.025619348,-0.077963481,4.58,29.49,781796.28,17.09,59.62,13.591,23.463,1,1
Bauerus dubiaquercus,Negative,Negative,NA,NA,NA,NA,22.22,53.29,295020.71,16.34,31.58,17.152,24.132,1,1
Rhogeessa parvula,Negative,Negative,0.764248939,-0.227996415,-0.02649919,-0.070487976,4.37,29,449611.68,22.58,68.19,7.71,20.172,1,1
Artibeus amplus,Negative,Negative,-0.928908332,-0.598636276,-0.048533391,-0.154087573,61.04,70.5,704691.93,5.27,6.72,16.088,24.138,1,NA
Artibeus concolor,Negative,Negative,-0.899375355,-0.570691949,-0.048152008,-0.142703454,19.65,47.34,6473389.12,-1.5,12.37,16.866,25.18,1,NA
Artibeus fimbriatus,Negative,Negative,-0.911437591,-0.582192681,-0.048423808,-0.147702822,63.89,NA,1195211.14,-23.48,75.59,12.563,20.892,1,NA
Artibeus glaucus,Negative,Negative,-0.92356686,-0.593022868,-0.047746529,-0.149808035,12.31,NA,10710294.79,-7.53,21.52,15.388,23.921,1,NA
Artibeus inopinatus,Negative,Negative,-0.911243182,-0.581965045,-0.048365076,-0.147454766,NA,50.49,48689.76,12.64,139.08,13.462,23.002,1,NA
Chilonatalus micropus,Negative,Negative,0.270065811,0.021256949,0.015315738,0.659648656,NA,33.5,192773.97,18.25,156.27,10.688,24.631,1,NA
Chilonatalus tumidifrons,Negative,Negative,0.28355049,0.016891553,0.020078182,0.656625614,3.62,32.99,1525.32,25.17,8.63,NA,NA,1,NA
Chiroderma improvisum,Negative,Negative,-0.821124358,-0.495750665,-0.045953374,0.19319898,35.39,57.5,1580.07,16.38,221.77,NA,NA,1,NA
Cormura brevirostris,Negative,Negative,0.024969726,0.176894871,0.095068158,-0.037640998,9.26,46.5,6457181.09,0.76,15.82,17.94,24.938,1,NA
Diaemus youngi,Negative,Negative,-0.651932801,-0.295405522,0.022499744,-0.125182487,36.71,50.78,13545719.31,-3.19,25.3,15.009,23.793,1,NA
Erophylla bombifrons,Negative,Negative,-0.730574745,-0.398588192,-0.028366808,-0.107705524,16.28,47.11,83334.5,18.77,236.47,10.487,23.916,1,NA
Histiotus alienus,Negative,Negative,NA,NA,NA,NA,NA,NA,442813.05,-30.01,37.22,12.065,17.133,1,NA
Lasiurus castaneus,Negative,Negative,NA,NA,NA,NA,12.51,44.49,9516.32,8.04,5.09,20.091,24.837,1,NA
Molossops aequatorianus,Negative,Negative,NA,NA,NA,NA,NA,36.5,130439.11,-1.05,72.68,14.835,19.996,1,NA
Molossops mattogrossensis,Negative,Negative,NA,NA,NA,NA,7.48,28.49,5565787.46,-3.12,12.28,14.977,24.797,1,NA
Molossops neglectus,Negative,Negative,NA,NA,NA,NA,NA,35.49,8086531.07,-10.23,5.68,16.035,24.108,1,NA
Mormoops blainvillei,Negative,Negative,-0.409916114,-0.080717965,0.006135183,0.700499518,8.69,46.5,202317.84,20.39,171.29,10.677,24.598,1,NA
Natalus tumidirostris,Negative,Negative,0.305786791,0.010026894,0.027937315,0.2105195,6.3,38.49,1541215.06,6.82,34.18,13.259,24.702,1,NA
Nyctiellus lepidus,Negative,Negative,0.294497738,0.013204481,0.023956245,-0.105205578,NA,29,66549.07,23.39,92.09,11.111,25.096,1,NA
Peropteryx kappleri,Negative,Negative,0.023018627,0.176901113,0.092083097,0.637349575,9.85,49.5,4378235.63,-2.46,41.8,14.566,23.093,1,NA
Promops nasutus,Negative,Negative,NA,NA,NA,NA,15.5,47.29,8264473.62,-11.18,11.88,13.794,22.426,1,NA
Pteronotus macleayii,Negative,Negative,-0.417444485,-0.058735053,0.047773336,-0.108960219,NA,43.5,120492.27,20.44,118.67,10.801,25.147,1,NA
Rhinophylla alethina,Negative,Negative,-0.768998129,-0.434338395,-0.027424628,-0.226037538,NA,35.49,241884.09,1.08,65.86,19.814,20.423,1,NA
Saccopteryx gymnura,Negative,Negative,0.020482016,0.17349305,0.084183373,-0.117968615,NA,34,170607,-2,2.95,16.268,25.502,1,NA
Sphaeronycteris toxophyllum,Negative,Negative,-0.873246835,-0.544265445,-0.045532159,-0.011089255,16.06,38.49,4763066.63,-2.29,11.71,17.321,24.588,1,NA
Sturnira luisi,Negative,Negative,-0.852188369,-0.523277881,-0.043998983,-0.121236119,NA,43,530510.11,0.15,47.3,17.437,21.048,1,NA
Sturnira thomasi,Negative,Negative,NA,NA,NA,NA,NA,47,1580.07,16.38,221.77,NA,NA,1,NA
Choeroniscus minor,Negative,Negative,NA,NA,NA,NA,8.63,35.49,6447650.32,-3.7,9.15,17.343,24.156,2,0
Glyphonycteris daviesi,Negative,Negative,-0.780533321,-0.447951234,-0.031764519,-0.028925649,18.61,55.5,4760330.64,-0.31,17.42,18.136,23.936,2,0
Lampronycteris brachyotis,Negative,Negative,NA,NA,NA,NA,10.39,39.61,4953546.05,4.26,23.08,16.721,24.78,2,0
Lichonycteris obscura,Negative,Negative,NA,NA,NA,NA,6.5,31.55,7959423.12,0.32,16.09,17.517,24.454,2,0
Lophostoma brasiliense,Negative,Negative,-0.864154807,-0.517138982,-0.018883214,-0.030909688,9.76,36.5,8518317.74,0.05,20.88,16.248,24.269,2,0
Micronycteris megalotis,Negative,Negative,-0.660581438,-0.327121001,-0.019079974,0.017511365,6.4,33.95,11229124.06,-5.56,25.86,15.574,24.054,2,0
Peropteryx trinitatis,Negative,Negative,0.023492963,0.177147711,0.093078964,0.713304869,4.19,NA,37561.11,9.94,99.22,15.374,24.908,2,0
Pygoderma bilabiatum,Negative,Negative,NA,NA,NA,NA,18.5,40,3070130.45,-22.2,41.47,10.976,20.75,2,0
Trachops cirrhosus,Negative,Negative,-0.775117514,-0.438058682,-0.024902891,0.474107623,36.9,58.45,12679671.21,-5.5,27.05,15.452,23.927,2,0
Lophostoma silvicolum,Negative,Negative,NA,NA,NA,NA,32.29,54.5,13507762.32,-5.65,24.04,14.853,23.61,2,0
Micronycteris hirsuta,Negative,Negative,-0.631710633,-0.30263306,-0.02247396,0.017626228,12.89,43.3,4915005.84,0.63,17.16,17.372,25.133,2,0
Micronycteris minuta,Negative,Negative,-0.651741881,-0.319626717,-0.019870394,0.017708098,6.9,34,12260456.67,-7.5,24.91,15.441,23.77,2,0
Mimon crenulatum,Negative,Negative,-0.849341065,-0.504044635,-0.019952018,0.017718086,13.91,48.84,10073417.99,2.36,19.59,16.306,24.441,2,0
Phyllostomus discolor,Negative,Negative,NA,NA,NA,NA,36.7,62.5,12188897.67,-1.69,22.61,15.415,24.255,2,0
Platyrrhinus lineatus,Negative,Negative,-0.903997737,-0.572845005,-0.045315894,-0.135383185,24.34,46.59,6717965.67,-10.71,38.44,11.826,21.112,2,0
Lophostoma evotis,Negative,Negative,-0.824399432,-0.482166156,-0.022069992,-0.027092631,20.58,49.97,243008.88,17.52,32.69,15.071,24.483,2,0
Macrotus californicus,Negative,Negative,-0.634353317,-0.297450805,-0.008564473,-0.11271172,11.83,50.58,632245.58,29.76,23.55,2.11,17.97,2,0
Trinycteris nicefori,Negative,Negative,NA,NA,NA,NA,8.25,38,3834710.43,-1.17,20.22,17.532,23.933,2,0
Vampyrum spectrum,Negative,Negative,-0.840786216,-0.496115111,-0.020032016,-0.141867915,171.61,68.79,5565902.37,-0.75,27.09,15.553,23.202,2,0
Glyphonycteris behnii,Negative,Negative,NA,NA,NA,NA,NA,45.99,1043291.01,-13.67,3.59,15.781,23.243,2,NA
Glyphonycteris sylvestris,Negative,Negative,-0.747219668,-0.418356641,-0.034003073,-0.03324175,8.91,40.5,7649954.44,-0.89,36.42,16.043,24.479,2,NA
Lophostoma carrikeri,Negative,Negative,NA,NA,NA,NA,22.35,46.5,4265102.57,-1.63,2.37,18.1,25.276,2,NA
Lophostoma schulzi,Negative,Negative,-0.815986029,-0.474764209,-0.022731893,-0.034099999,18.02,42.61,634752.23,2.47,1.87,16.559,25.312,2,NA
Micronycteris schmidtorum,Negative,Negative,-0.65859471,-0.325439447,-0.019014773,0.01770859,7.73,35.49,6440621.09,-4.76,33.65,16.129,24.572,2,NA
Mimon bennettii,Negative,Negative,-0.88842512,-0.521319099,0.011325475,0.017489908,12.9,56,2103098.89,-10.92,68.9,13.913,23.23,2,NA
Neonycteris pusilla,Negative,Negative,NA,NA,NA,NA,NA,34,132901.2,1.01,0.07,26.174,24.803,2,NA
Choeroniscus godmani,Negative,Negative,NA,NA,NA,NA,7.9,34,2763301.06,12.98,42.76,14.803,23.866,3,0
Glossophaga commissarisi,Negative,Negative,-0.789974247,-0.450863815,-0.023973111,0.709093789,9.15,34.37,4974223.1,5.21,30.43,17.354,23.475,3,0
Glossophaga leachii,Negative,Negative,-0.747662463,-0.413760048,-0.027412431,0.681457505,10.24,35.71,319942.69,14.85,131.27,11.914,20.86,3,0
Glossophaga longirostris,Negative,Negative,-0.750336226,-0.416108849,-0.027204099,0.159596567,13.32,38.49,557238.86,7.43,61.03,10.587,25.137,3,0
Lonchophylla mordax,Negative,Negative,-0.752558151,-0.417903174,-0.026627927,-0.029126265,21.56,33.86,3437157.68,-6.65,60.1,12.673,22.903,3,0
Lonchophylla robusta,Negative,Negative,-0.772513829,-0.435412206,-0.025029586,-0.029549768,13.72,42.5,1033227.44,4.21,60.42,16.318,23.154,3,0
Lonchophylla thomasi,Negative,Negative,-0.73532375,-0.402754137,-0.027925328,-0.030215825,7.09,32.49,8437401.6,-2.74,14.01,16.867,24.049,3,0
Tonatia bidens,Negative,Negative,-0.777957462,-0.441105218,-0.025499798,0.298017424,27.7,58.13,3493484.02,-15.02,49.89,10.354,21.56,3,0
Anoura caudifer,Negative,Negative,-0.770853857,-0.433856868,-0.024877528,-0.030567107,10.81,36.25,8755498.43,-8.12,27.24,15.088,23.085,3,0
Anoura geoffroyi,Negative,Negative,-0.756968095,-0.421694233,-0.026048036,-0.02919651,15.15,42.66,8631465.89,0.25,44.96,12.898,22.114,3,0
Artibeus phaeotis,Negative,Negative,-0.880723291,-0.553171673,-0.048086179,-0.136028803,11.69,38.55,1156701.32,10.89,51.66,16.228,22.879,3,0
Choeronycteris mexicana,Negative,Negative,NA,NA,NA,NA,17.26,44.49,1786274.52,23.24,53.53,5.295,18.959,3,0
Chrotopterus auritus,Negative,Negative,-0.828853901,-0.485691375,-0.021106213,-0.105645514,78.26,82.56,9155053.99,-4.93,26.42,14.54,23.369,3,0
Leptonycteris curasoae,Negative,Negative,-0.77851493,-0.440730752,-0.024680568,-0.13559852,25.27,52.79,376465.67,8.44,93,9.409,23.397,3,0
Monophyllus redmani,Negative,Negative,-0.714043406,-0.384145117,-0.029844093,0.585834779,8.79,39.43,203276.18,20.39,162.3,10.677,24.598,3,0
Noctilio albiventris,Negative,Negative,NA,NA,NA,NA,31.46,59.96,13030875.29,-7.11,25.32,15.262,24.009,3,0
Phylloderma stenops,Negative,Negative,-0.876004217,-0.527508501,-0.01781426,0.657903189,55.82,71.9,10120814.01,-5.75,28.29,16.313,24.138,3,0
Phyllops falcatus,Negative,Negative,-0.882944393,-0.553191826,-0.04533059,0.698549513,NA,41.49,181669.89,20.39,150,10.41,24.656,3,0
Phyllostomus elongatus,Negative,Negative,NA,NA,NA,NA,41.75,66,10958600.41,-5.62,23.16,15.548,24.135,3,0
Sturnira lilium,Negative,Negative,NA,NA,NA,NA,20.19,40.5,15518876.5,-2.47,28.95,14.256,23.246,3,0
Uroderma bilobatum,Negative,Negative,-0.934353148,-0.60056164,-0.044358222,-0.232905927,16.28,42.03,12877448.68,-3.16,27.68,15.259,23.752,3,0
Brachyphylla cavernarum,Negative,Negative,-0.713239843,-0.383550773,-0.029852481,,45.5,66.21,14649.83,15.78,334.38,10.475,24,3,0
Glossophaga morenoi,Negative,Negative,-0.793338842,-0.453813891,-0.02369853,-0.032904165,8.54,34.5,314356.09,17.76,108.54,10.93,20.446,3,0
Glossophaga soricina,Negative,Negative,-0.750166365,-0.415930776,-0.027150177,-0.028650369,9.97,35.7,15465868.32,-2.61,31.15,14.196,23.099,3,0
Leptonycteris nivalis,Negative,Negative,NA,NA,NA,NA,24.26,56.78,999207.02,22.15,73.37,7.117,19.754,3,0
Anoura cultrata,Negative,Negative,NA,NA,NA,NA,17.39,42.8,1873138.72,-1.7,41.77,16.427,23.211,3,1
Anoura latidens,Negative,Negative,NA,NA,NA,NA,15.06,43,450082.95,9.59,60.54,10.216,25.458,3,NA
Lonchophylla bokermanni,Negative,Negative,NA,NA,NA,NA,NA,40,128491.45,-20.1,54.27,12.037,20.147,3,NA
Lonchophylla dekeyseri,Negative,Negative,NA,NA,NA,NA,NA,35.99,101542.34,-15.64,8.26,12.336,20.79,3,NA
Lonchophylla handleyi,Negative,Negative,-0.765525842,-0.429289572,-0.025610357,-0.031608272,NA,45.99,527830.95,-8.19,13.58,13.899,18.325,3,NA
Lonchophylla hesperia,Negative,Negative,NA,NA,NA,NA,NA,38.49,444717.1,-7.32,58.88,10.641,18.043,3,NA
Brachyphylla nana,Negative,Negative,-0.704506724,-0.375902192,-0.030583919,-0.082262818,37.25,58.26,184267.85,20.39,145.17,10.398,24.661,NA,0
Macrotus waterhousii,Negative,Negative,-0.615200463,-0.281557979,-0.011651967,-0.113547113,16.27,51.64,1814916.35,25.86,74.5,6.449,19.375,NA,0
Mimon cozumelae,Negative,Negative,NA,NA,NA,NA,NA,65.2,812740.52,12.47,57.85,17.019,23.551,NA,0
Molossus pretiosus,Negative,Negative,NA,NA,NA,NA,98,45.5,2510175.15,8.35,45.5,16.295,23.733,NA,0
Myotis elegans,Negative,Negative,0.702556053,-0.199808967,-0.033407261,-0.098218746,4.21,32.99,669104.48,16.46,63.95,15.131,23.487,NA,0
Myotis keaysi,Negative,Negative,0.677132697,-0.188529868,-0.034482157,-0.08586414,5.45,36.5,3235410.02,-2.23,42.94,13.191,21.467,NA,0
Myotis oxyotus,Negative,Negative,0.715271625,-0.2054863,-0.033049397,-0.10747254,5.65,40,2445705.56,-2.53,45.35,13.849,20.737,NA,0
Myotis simus,Negative,Negative,0.69598211,-0.196894011,-0.033693517,-0.059778232,NA,37.5,5066834.22,-12.91,17.02,15.041,24.509,NA,0
Phyllonycteris aphylla,Negative,Negative,-0.756645446,-0.421414061,-0.026153557,0.656007685,14.15,46.5,11081.39,18.11,222.21,17.266,24.033,NA,0
Phyllonycteris poeyi,Negative,Negative,NA,NA,NA,NA,NA,47.79,183923.55,20.39,146.14,10.398,24.661,NA,0
Platyrrhinus brachycephalus,Negative,Negative,-0.883469014,-0.553841953,-0.045597661,-0.117457455,14.26,38.99,6905773.42,-3.27,9.24,16.821,23.533,NA,0
Platyrrhinus infuscus,Negative,Negative,NA,NA,NA,NA,50.76,56.49,2812367.88,-6.21,19.74,16.229,21.549,NA,0
Vampyressa bidens,Negative,Negative,-0.840041927,-0.513419527,-0.045887335,-0.106087768,11.91,35.57,6977521.45,-3.79,8.47,17.385,23.975,NA,0
Vampyressa melissa,Negative,Negative,-0.877280789,-0.547906386,-0.045395274,-0.134492365,16.58,38,521452.78,0.26,1.45,24.044,25.798,NA,0
Hylonycteris underwoodi,Negative,Negative,NA,NA,NA,NA,7.5,34,954887.07,14.82,57.53,14.167,22.821,NA,0
Idionycteris phyllotis,Negative,Negative,0.861508514,-0.270498566,-0.020421212,-0.113412648,12.13,44.49,1388848.49,26.79,45.03,4.228,16.178,NA,0
Leptonycteris yerbabuenae,Negative,Negative,NA,NA,NA,NA,22.24,53.37,1217816.36,23.54,61.3,6.506,19.617,NA,0
Molossus currentium,Negative,Negative,NA,NA,NA,NA,17.79,41,1346846.01,3.75,61.82,14.076,23.826,NA,0
Monophyllus plethodon,Negative,Negative,-0.713314785,-0.383507143,-0.029905281,0.604220146,15.33,43.54,4183.11,15.66,393.2,NA,NA,NA,0
Myotis leibii,Negative,Negative,0.659635544,-0.180725707,-0.035095662,-0.063007188,5.22,32.49,1424872.3,40.89,88.62,8.465,10.768,NA,0
Myotis volans,Negative,Negative,0.692896636,-0.195482675,-0.033734861,-0.083208229,8.71,37.5,4717135.24,39.96,25.7,4.033,8.183,NA,0
Platyrrhinus dorsalis,Negative,Negative,-0.904138169,-0.572988856,-0.045335132,-0.13812812,26,47.5,2202496.45,-7.6,31.47,13.482,20.183,NA,0
Promops centralis,Negative,Negative,NA,NA,NA,NA,29.8,53.03,4740669.41,-3.53,37.35,12.901,21.978,NA,0
Vampyressa nymphaea,Negative,Negative,-0.885372204,-0.555151688,-0.044958063,-0.11513216,69,36.5,118464.26,9.82,36.13,23.023,24.961,NA,0
Artibeus watsoni,Negative,Negative,-0.885012784,-0.557135667,-0.048018845,-0.137307085,11.2,NA,415964.09,13.16,36.81,18.54,24.227,NA,0
Balantiopteryx io,Negative,Negative,0.029508446,0.179015259,0.104448231,0.733447223,3.97,37,211758.21,16.9,40.29,14.432,23.945,NA,0
Erophylla sezekorni,Negative,Negative,-0.733157129,-0.400849213,-0.028149592,-0.076250653,15.87,47.5,123555.55,22.31,114.85,10.801,25.147,NA,0
Phyllostomus latifolius,Negative,Negative,NA,NA,NA,NA,134,58,1693847.51,1.32,1.54,17.564,25.114,NA,1
Anoura luismanueli,Negative,Negative,NA,NA,NA,NA,NA,NA,24076.62,8.85,64.11,11.545,22.172,NA,NA
Ariteus flavescens,Negative,Negative,-0.867462828,-0.538894111,-0.045587344,-0.123856111,NA,40.5,8821.83,18.22,333.48,10.475,24,NA,NA
Artibeus gnomus,Negative,Negative,-0.926911087,-0.596142181,-0.047731816,-0.150918152,10.06,NA,8185856.09,-1.41,18.14,16.349,24.319,NA,NA
Artibeus incomitatus,Negative,Negative,NA,NA,NA,NA,NA,NA,3.43,9.09,7,NA,NA,NA,NA
Balantiopteryx infusca,Negative,Negative,0.030366068,0.179423665,0.106211602,0.740278337,NA,38.99,68801.56,-0.64,83.28,12.157,24.22,NA,NA
Carollia colombiana,Negative,Negative,NA,NA,NA,NA,NA,NA,393.22,6.4,87.52,11.799,17.2,NA,NA
Centronycteris centralis,Negative,Negative,0.024606006,0.175005657,0.092161028,-0.056478335,NA,NA,1484754.75,7.04,41.97,19.199,24.033,NA,NA
Choeroniscus periosus,Negative,Negative,NA,NA,NA,NA,NA,41,250151.45,2.61,53.09,21.336,21.697,NA,NA
Corynorhinus mexicanus,Negative,Negative,NA,NA,NA,NA,NA,NA,559891.05,24.6,79.25,6.253,18.365,NA,NA
Cynomops mexicanus,Negative,Negative,NA,NA,NA,NA,NA,NA,552617.08,13.62,60.5,15.918,22.37,NA,NA
Cynomops paranus,Negative,Negative,0.013943776,0.171564358,0.07055946,-0.234294998,12.16,NA,11408256.94,-8.43,15.9,14.925,24.333,NA,NA
Cyttarops alecto,Negative,Negative,0.022891768,0.176370872,0.091399205,-0.08344592,5.3,47,581976.9,3.66,4.07,15.702,25.118,NA,NA
Diclidurus ingens,Negative,Negative,0.027246343,0.179139443,0.101208459,0.103486168,12.3,71.5,2138238,1.42,1.77,19.617,25.294,NA,NA
Diclidurus isabellus,Negative,Negative,0.031571228,0.181295848,0.110208692,0.107091605,12.61,54,710901.14,-0.57,1.71,18.199,25.35,NA,NA
Diclidurus scutatus,Negative,Negative,0.027014322,0.178978108,0.100669235,0.729921776,13.62,54.5,2914021.53,0.56,2.92,18.724,25.4,NA,NA
Eptesicus andinus,Negative,Negative,NA,NA,NA,NA,NA,NA,6239397.29,-0.85,17.56,17.335,24.429,NA,NA
Eptesicus chiriquinus,Negative,Negative,NA,NA,NA,NA,NA,NA,6102327.15,0.52,18.56,17.387,24.591,NA,NA
Eptesicus diminutus,Negative,Negative,0.817431793,-0.25115407,-0.023903917,-0.076348226,5.99,34.5,3192661.14,-22.04,46.42,10.199,20.061,NA,NA
Eptesicus guadeloupensis,Negative,Negative,0.894000375,-0.285325008,-0.020232604,-0.076512555,NA,50.49,1476.99,16.23,251.13,NA,NA,NA,NA
Eptesicus innoxius,Negative,Negative,NA,NA,NA,NA,NA,36.5,278413.94,-4.21,58.13,9.232,18.765,NA,NA
Eumops dabbenei,Negative,Negative,NA,NA,NA,NA,67.27,76.5,1430059.82,-8.75,35.15,9.155,22.225,NA,NA
Eumops hansae,Negative,Negative,NA,NA,NA,NA,15.47,38.29,4648064.88,-1.64,14.83,16.48,24.867,NA,NA
Eumops maurus,Negative,Negative,NA,NA,NA,NA,NA,52,269127.99,4.64,4.58,14.051,25.808,NA,NA
Eumops patagonicus,Negative,Negative,NA,NA,NA,NA,NA,NA,1653941.7,-26.86,22.68,8.109,19.221,NA,NA
Eumops trumbulli,Negative,Negative,0.023158843,0.176722356,0.090059898,0.695169868,NA,NA,7676222.32,-3.4,14.33,16.916,23.524,NA,NA
Histiotus laephotis,Negative,Negative,NA,NA,NA,NA,NA,NA,974450.52,-17.51,28.16,5.058,6.141,NA,NA
Histiotus magellanicus,Negative,Negative,NA,NA,NA,NA,NA,NA,1093128.73,-44.88,6.41,5.528,8.295,NA,NA
Lasiurus degelidus,Negative,Negative,NA,NA,NA,NA,NA,NA,11081.39,18.11,222.21,17.266,24.033,NA,NA
Lasiurus ebenus,Negative,Negative,NA,NA,NA,NA,14,45.95,94.97,-25.13,10,15.2,18,NA,NA
Lasiurus egregius,Negative,Negative,NA,NA,NA,NA,NA,48.99,184920.31,-10.41,55.88,13.75,17.949,NA,NA
Lasiurus insularis,Negative,Negative,NA,NA,NA,NA,NA,NA,107157.22,21.51,108.76,10.35,25.234,NA,NA
Lasiurus minor,Negative,Negative,NA,NA,NA,NA,NA,NA,83334.5,18.77,236.47,10.487,23.916,NA,NA
Lasiurus pfeifferi,Negative,Negative,NA,NA,NA,NA,NA,NA,107157.22,21.51,108.76,10.35,25.234,NA,NA
Lonchorhina fernandezi,Negative,Negative,NA,NA,NA,NA,NA,42.5,13450.68,3.92,0.41,23.175,25.225,NA,NA
Lonchorhina inusitata,Negative,Negative,NA,NA,NA,NA,NA,NA,1228319.27,3.15,1.75,16.186,25.102,NA,NA
Lonchorhina marinkellei,Negative,Negative,NA,NA,NA,NA,17.67,59.5,88343.63,1.68,0.12,26.206,24.504,NA,NA
Lonchorhina orinocensis,Negative,Negative,NA,NA,NA,NA,9.04,43,716241.64,3.92,7.82,20.058,24.272,NA,NA
Micronycteris brosseti,Negative,Negative,-0.653393219,-0.321024295,-0.019884646,-0.202569525,NA,NA,474381.36,-10.7,19.72,15.723,23.223,NA,NA
Micronycteris homezi,Negative,Negative,-0.657600062,-0.324595786,-0.019138412,0.01771638,NA,NA,881659.34,4.01,3.15,13.395,25.408,NA,NA
Micronycteris matses,Negative,Negative,-0.662888371,-0.329077753,-0.018798595,0.017695846,NA,NA,972.5,-5.29,0.5,21.55,25.8,NA,NA
Micronycteris microtis,Negative,Negative,-0.663039731,-0.329206138,-0.018780051,0.017487867,NA,NA,2664514.34,11.59,34.08,14.721,23.811,NA,NA
Micronycteris sanborni,Negative,Negative,NA,NA,NA,NA,NA,NA,621701.27,-12.46,3.78,13.669,23.871,NA,NA
Mimon koepckeae,Negative,Negative,NA,NA,NA,NA,NA,NA,113389.51,-10.99,17.57,11.561,17.104,NA,NA
Molossus aztecus,Negative,Negative,NA,NA,NA,NA,14.86,NA,382245.88,16.04,101,11.037,20.813,NA,NA
Molossus barnesi,Negative,Negative,NA,NA,NA,NA,NA,NA,3843.41,4.99,9,30.34,24.659,NA,NA
Molossus coibensis,Negative,Negative,NA,NA,NA,NA,NA,NA,4795656.58,-0.47,15.83,18.194,24.507,NA,NA
Musonycteris harrisoni,Negative,Negative,NA,NA,NA,NA,NA,41.49,66456.72,18.3,44.7,10.103,22.008,NA,NA
Myotis aelleni,Negative,Negative,NA,NA,NA,NA,NA,39.5,23827.25,-41.78,3.86,5.447,5.728,NA,NA
Myotis atacamensis,Negative,Negative,0.677649678,-0.18878291,-0.034590978,-0.078355094,NA,NA,469816.74,-22.43,9.7,1.215,2.518,NA,NA
Myotis ciliolabrum,Negative,Negative,0.660230979,-0.180989552,-0.035069243,-0.095464154,4.89,NA,NA,NA,NA,NA,NA,NA,NA
Myotis cobanensis,Negative,Negative,NA,NA,NA,NA,NA,41.49,294.52,15.47,80.02,13.992,20.346,NA,NA
Myotis dominicensis,Negative,Negative,0.681878208,-0.190658047,-0.034408059,-0.098114144,NA,34,2248.11,15.85,197.45,NA,NA,NA,NA
Myotis findleyi,Negative,Negative,NA,NA,NA,NA,NA,31.5,398.67,21.48,7,NA,NA,NA,NA
Myotis hajastanicus,Negative,Negative,0.861826818,-0.272874412,-0.032250149,-0.078622171,NA,NA,7282.75,40.39,103.46,3.637,4.004,NA,NA
Myotis levis,Negative,Negative,0.736376569,-0.214849398,-0.032153295,-0.074197778,5.49,38,3055141.25,-28.83,33.8,7.824,15.451,NA,NA
Myotis martiniquensis,Negative,Negative,0.68270524,-0.191024644,-0.034371041,-0.099064733,NA,36.5,1587.98,13.95,412.82,NA,NA,NA,NA
Myotis melanorhinus,Negative,Negative,NA,NA,NA,NA,NA,NA,4297565.61,37.3,16.88,3.16,9.82,NA,NA
Myotis nesopolus,Negative,Negative,NA,NA,NA,NA,3.56,31.5,53573.46,11.08,53.06,4.793,25.902,NA,NA
Myotis occultus,Negative,Negative,NA,NA,NA,NA,8.79,NA,NA,NA,NA,NA,NA,NA,NA
Myotis peninsularis,Negative,Negative,NA,NA,NA,NA,NA,38.99,13115.08,23.68,12.27,1.763,20.582,NA,NA
Myotis planiceps,Negative,Negative,NA,NA,NA,NA,NA,26.5,27602.56,24.49,14.96,2.079,15.937,NA,NA
Myotis ruber,Negative,Negative,0.710898783,-0.203506044,-0.03303105,-0.095558885,4.99,40,1758280.25,-23.34,65.5,12.394,20.606,NA,NA
Myotis septentrionalis,Negative,Negative,0.662972778,-0.182210935,-0.03498998,-0.107263975,NA,NA,4944705.89,46.87,38.73,6.439,5.134,NA,NA
Natalus jamaicensis,Negative,Negative,0.299323902,0.012071141,0.0256541,-0.066215772,NA,NA,11081.39,18.11,222.21,17.266,24.033,NA,NA
Natalus major,Negative,Negative,0.294130151,0.013713521,0.023819296,0.264838322,NA,NA,74512.66,18.77,214.83,10.489,23.905,NA,NA
Natalus primus,Negative,Negative,NA,NA,NA,NA,NA,NA,79953.26,21.49,77.34,9.762,25.138,NA,NA
Noctilio leporinus,Negative,Negative,NA,NA,NA,NA,29.93,NA,14991800.72,-3.78,31.17,14.279,23.463,NA,NA
Nycticeius cubanus,Negative,Negative,NA,NA,NA,NA,NA,NA,107157.22,21.51,108.76,10.35,25.234,NA,NA
Peropteryx macrotis,Negative,Negative,0.025288604,0.178040526,0.096801487,-0.115335826,5.68,43.5,12187438.94,-1.83,26.11,15.423,24.307,NA,NA
Phyllostomus hastatus,Negative,Negative,-0.804129816,-0.464260455,-0.023564583,-0.043006787,91.44,83.27,12690238.32,-4.05,24.58,15.177,23.887,NA,NA
Platyrrhinus aurarius,Negative,Negative,-0.903813641,-0.572689315,-0.045340747,-0.07876584,35.12,51.5,434351.66,2.81,0.72,21.223,24.164,NA,NA
Platyrrhinus chocoensis,Negative,Negative,NA,NA,NA,NA,NA,NA,40113.01,3.92,77.93,36.144,20.791,NA,NA
Platyrrhinus recifinus,Negative,Negative,-0.926007807,-0.593195728,-0.044980343,-0.135285745,NA,41.49,2076551.04,-18.57,70.73,11.217,21.497,NA,NA
Platyrrhinus umbratus,Negative,Negative,NA,NA,NA,NA,25.17,45.5,1151725.92,5.94,62.93,13.477,23.79,NA,NA
Rhogeessa aeneus,Negative,Negative,0.784734991,-0.237119305,-0.025438669,-0.097694484,NA,NA,124919.96,19.66,24.49,9.2,25.451,NA,NA
Rhogeessa alleni,Negative,Negative,NA,NA,NA,NA,NA,32.49,263308.67,19.06,140.26,8.502,18.226,NA,NA
Rhogeessa genowaysi,Negative,Negative,0.807085483,-0.247050666,-0.024225366,-0.124635181,NA,29,9923.22,15.38,62.77,18.946,23.828,NA,NA
Rhogeessa gracilis,Negative,Negative,0.739286358,-0.216773146,-0.027548733,-0.125944926,NA,32,270246.59,19.31,44.03,9.753,20.341,NA,NA
Rhogeessa hussoni,Negative,Negative,NA,NA,NA,NA,NA,NA,189232.4,1.13,1.67,20.161,24.595,NA,NA
Rhogeessa io,Negative,Negative,0.779948213,-0.234986917,-0.025684788,-0.078775513,NA,NA,7429453.62,-2.29,22.16,14.432,24.515,NA,NA
Rhogeessa minutilla,Negative,Negative,NA,NA,NA,NA,3.75,27.5,943337.3,6.19,48.14,12.054,24.354,NA,NA
Rhogeessa mira,Negative,Negative,0.798000623,-0.242986237,-0.024649576,-0.082413444,NA,25.5,7524.33,18.29,26.68,10.638,22.89,NA,NA
Saccopteryx antioquensis,Negative,Negative,NA,NA,NA,NA,NA,NA,12746.59,5.54,68.66,15.283,20.153,NA,NA
Saccopteryx leptura,Negative,Negative,0.020875862,0.173717782,0.085032663,0.663004593,NA,NA,10599499.36,-1.79,20.97,16.077,24.527,NA,NA
Scleronycteris ega,Negative,Negative,NA,NA,NA,NA,49.54,34.5,243503.95,0.02,0.28,21.331,25.167,NA,NA
Sturnira mistratensis,Negative,Negative,NA,NA,NA,NA,NA,NA,318.63,5.37,109.5,35.65,19.4,NA,NA
Sturnira oporaphilum,Negative,Negative,-0.896212862,-0.563737722,-0.043044271,-0.129423047,21.99,45.99,791859.53,-16.72,8.03,13.79,19.64,NA,NA
Thyroptera discifera,Negative,Negative,-0.21589751,0.828400057,-0.570677961,-0.120397624,3.13,33.5,6234471.86,-1.21,15.05,17.823,24.727,NA,NA
Thyroptera lavali,Negative,Negative,NA,NA,NA,NA,NA,NA,1256123.71,-1.38,0.92,20.311,25.522,NA,NA
Tomopeas ravus,Negative,Negative,0.016643277,0.161638084,0.064467705,0.285295929,NA,32.99,207270.61,-10.23,83.17,3.335,10.338,NA,NA
Tonatia saurophila,Negative,Negative,-0.795588034,-0.456594845,-0.024068189,0.185604578,NA,NA,7442847.6,0.48,15.84,16.239,24.685,NA,NA
Vampyressa brocki,Negative,Negative,-0.878372731,-0.548710058,-0.04510494,-0.142972117,48,33.5,813032.62,0.76,1.96,17.114,25.851,NA,NA
Vampyressa thyone,Negative,Negative,-0.878759076,-0.549277369,-0.045377358,-0.12642695,7.17,31.5,NA,NA,NA,NA,NA,NA,NA
Artibeus obscurus,Negative,Positive,-0.945050253,-0.613701936,-0.048470719,-0.159482554,35.91,NA,11220757.02,-8.85,19.72,15.426,24.014,1,0
Histiotus macrotus,Negative,Positive,NA,NA,NA,NA,11,48.5,1199544.41,-34.61,20.25,4.19,10.201,1,0
Myotis chiloensis,Negative,Positive,0.698251845,-0.197929383,-0.033745798,-0.041053793,NA,38,562838.91,-42.02,23.77,10.13,5.227,1,0
Myotis velifer,Negative,Positive,0.687324956,-0.193079336,-0.034200316,-0.087606834,9.82,41.99,1714121.75,27.11,43.73,5.605,18.004,1,0
Artibeus lituratus,Negative,Positive,-0.933430211,-0.602855764,-0.04851481,-0.155595478,59.3,70.33,14275189.62,-3.73,27.78,14.864,23.591,1,0
Eumops glaucinus,Negative,Positive,0.024783263,0.177576361,0.093432855,-0.076642329,36.2,59.73,11841060.24,0.14,30.41,14.797,23.245,1,1
Lasiurus ega,Negative,Positive,1.172447819,-0.411512232,-0.003306705,-0.108734261,12.2,47.5,17490735.54,-2.08,29.73,13.097,22.567,1,1
Histiotus velatus,Negative,Positive,NA,NA,NA,NA,11.32,47,3459699.44,-21.31,39.53,11.876,21.457,1,NA
Artibeus jamaicensis,Negative,Positive,-0.935696346,-0.604983443,-0.04852191,-0.156402542,43.63,60.34,14327574.52,0.29,33.02,14.719,23.753,4,0
Eumops auripendulus,Negative,Positive,NA,NA,NA,NA,28.49,61.5,14266279.15,-5.14,26.44,14.858,23.635,NA,0
Myotis albescens,Negative,Positive,0.718759361,-0.207029762,-0.032885,-0.107612919,5.69,35.99,14769379.45,-9.59,25.67,14.537,23.223,NA,0
Molossus rufus,Negative,Positive,NA,NA,NA,NA,NA,NA,15178757.42,-1.59,28.52,14.315,23.408,NA,NA
Corynorhinus townsendii,Positive,Positive,NA,NA,NA,NA,10.3,43.4,4604871.5,34.97,29.42,3.948,11.048,1,0
Molossus molossus,Positive,Positive,0.015433293,0.171729258,0.072971115,0.603296995,13.7,38.22,16538107.62,-5.16,32.82,13.703,22.613,1,0
Myotis californicus,Positive,Positive,0.658622654,-0.180276919,-0.035141013,-0.103527689,4.39,33.14,3994128.1,36.02,35.18,4.505,12.462,1,0
Desmodus rotundus,Positive,Positive,-0.63502564,-0.28198885,0.018684941,-0.139410744,33.16,58.29,17803912.83,-3.4,28.84,13.009,21.633,1,0
Myotis lucifugus,Positive,Positive,0.688179075,-0.193399333,-0.034003278,0.117250464,7.8,37.76,NA,NA,NA,NA,NA,1,0
Perimyotis subflavus,Positive,Positive,0.790362391,-0.239621924,-0.024248396,-0.07876584,5.74,33.95,4297155.48,31.01,62.24,8.664,14.798,1,0
Tadarida brasiliensis,Positive,Positive,-4.32E-05,0.161921119,0.039185613,0.451763367,12.61,42.26,13978029.11,1.23,45.59,8.168,16.987,1,1
Eptesicus brasiliensis,Positive,Positive,NA,NA,NA,NA,9.2,43,13985175.36,-8.02,25.1,14.75,23.456,1,1
Lasionycteris noctivagans,Positive,Positive,0.697654441,-0.197459834,-0.029031149,-0.086748542,11.02,41.26,10115944.09,43.21,28.14,5.816,7.797,1,1
Eptesicus fuscus,Positive,Positive,0.76617694,-0.228407741,-0.026650603,-0.080167974,17.49,46.69,13321726.93,31.15,43.16,6.398,11.512,1,1
Eptesicus furinalis,Positive,Positive,NA,NA,NA,NA,7.7,39.15,15960672,-6.32,27.82,13.902,22.693,1,1
Lasiurus cinereus,Positive,Positive,1.102732795,-0.380227497,-0.007165162,-0.063598421,27.06,54.4,21759652.98,12.6,30.48,7.542,11.57,1,1
Pipistrellus hesperus,Positive,Positive,0.791000664,-0.238787643,-0.023718152,-0.073630577,3.56,30.5,2664124.97,31.41,36.83,3.318,15.065,1,1
Lasiurus seminolus,Positive,Positive,NA,NA,NA,NA,9.88,NA,1335371.21,34.34,61.61,9.924,17.546,1,1
Lasiurus borealis,Positive,Positive,NA,NA,NA,NA,12.33,40.71,2598559.1,36.39,80.18,8.753,11.977,1,1
Histiotus montanus,Positive,Positive,NA,NA,NA,NA,NA,47.5,2999898.7,-13.69,36.87,9.18,15.334,1,NA
Antrozous pallidus,Positive,Positive,0.839824412,-0.26155837,-0.02223559,-0.087371585,22.24,54.53,4228781.56,34.54,29.96,3.648,13.623,2,1
Carollia perspicillata,Positive,Positive,NA,NA,NA,NA,19.23,42.45,14098730.57,-4.14,26.25,14.95,23.685,3,0
Myotis evotis,Positive,Positive,0.676689544,-0.188305849,-0.034498443,-0.066916454,6.91,36.72,3119769.09,40.12,21.49,3.624,6.078,NA,0
Myotis keenii,Positive,Positive,0.680765531,-0.190112783,-0.03432274,-0.087823378,6.51,36.5,398644.38,51.75,19.84,7.844,1.962,NA,0
Myotis thysanodes,Positive,Positive,0.686726049,-0.192755174,-0.034065906,-0.060825755,8.49,43.39,3432647.4,34.16,36.35,3.835,12.273,NA,0
Myotis yumanensis,Positive,Positive,0.697151382,-0.197437307,-0.033777338,-0.065003865,5.15,35.05,3753876.77,37.19,27.34,3.801,11.276,NA,0
Nyctinomops laticaudatus,Positive,Positive,0.024916534,0.177318384,0.093285282,-0.147686605,13.12,43.24,13392624.04,-3.34,30.56,14.268,23.566,NA,0
Myotis austroriparius,Positive,Positive,0.684439966,-0.191795434,-0.034303023,-0.06278831,7.35,38,873318.39,33.14,43.91,10.272,17.818,NA,1
Nycticeius humeralis,Positive,Positive,0.830434588,-0.256632887,-0.022105392,-0.110065564,9.12,33.74,2889477.8,32.33,59.54,8.522,15.882,NA,1
Lasiurus intermedius,Positive,Positive,NA,NA,NA,NA,22.96,55.08,1863284.42,27.01,66.85,10.612,21.429,NA,1
Lasiurus blossevillii,Positive,Positive,NA,NA,NA,NA,NA,NA,16692765.95,8.3,21.7,10.848,19.235,NA,NA
Lasiurus xanthinus,Positive,Positive,1.129531524,-0.392299168,-0.005701997,-0.0593804,NA,NA,1420033.9,25.3,44.71,4.055,18.288,NA,NA
Myotis nigricans,Positive,Positive,0.731869618,-0.212849966,-0.032344896,-0.10308149,NA,NA,14531338.92,-2.93,26.44,14.555,23.483,NA,NA
